CodeA,CodeVR,DateV,DureeVol,NbrPassagersEco,NbrPassagersAffaire,NbrPassagersPremiere,ChargeKerosene,ChargeTotale
AF1003,AF181,2024-01-01,4.78,201,37,14,15.5,33.48
DL2002,DL101,2024-01-01,2.3,98,18,7,5.94,21.94
LH4001,LH300,2024-01-01,4.28,313,58,21,11.12,46.0
AC6001,AC500,2024-01-02,10.46,78,14,6,39.24,1.0
IB3001,IB201,2024-01-02,4.16,141,26,10,14.34,24.67
JL7001,JL600,2024-01-02,8.04,152,28,10,26.64,24.06
AF1001,AF181,2024-01-03,6.26,79,14,6,22.17,8.23
AF1004,AF180,2024-01-03,10.11,130,24,9,39.69,1.31
BA5001,BA400,2024-01-03,2.65,137,25,10,7.13,23.05
DL2001,DL100,2024-01-03,8.88,156,29,11,33.24,24.59
IB3001,IB201,2024-01-03,10.0,89,16,7,28.15,12.85
AF1001,AF181,2024-01-04,9.74,113,21,8,24.99,5.41
AF1002,AF182,2024-01-04,9.69,185,34,13,32.15,32.22
DL2002,DL101,2024-01-04,4.58,123,23,8,17.37,19.24
IB3001,IB200,2024-01-04,5.56,140,26,10,21.91,19.09
AF1001,AF180,2024-01-05,5.28,114,21,8,20.36,10.04
JL7001,JL600,2024-01-05,5.44,173,32,12,18.62,25.44
LH4001,LH301,2024-01-05,3.59,396,74,25,9.51,54.77
AC6001,AC500,2024-01-06,7.22,99,18,7,21.5,10.5
AF1003,AF180,2024-01-06,1.96,120,22,9,5.88,22.58
DL2001,DL101,2024-01-06,5.63,130,24,9,17.18,19.16
IB3001,IB201,2024-01-06,2.83,149,28,10,9.6,20.04
AF1001,AF182,2024-01-07,7.99,82,15,6,24.72,5.68
AF1002,AF181,2024-01-07,11.21,230,43,15,29.23,38.37
DL2002,DL101,2024-01-07,5.88,165,31,11,15.72,30.64
AC6001,AC500,2024-01-08,3.62,96,18,7,12.28,14.85
AF1002,AF182,2024-01-08,6.67,231,43,15,26.26,37.89
BA5001,BA400,2024-01-08,3.83,152,28,11,10.58,20.41
JL7001,JL600,2024-01-08,6.33,143,26,10,17.82,26.86
DL2002,DL100,2024-01-09,7.86,138,25,10,30.39,25.85
IB3001,IB200,2024-01-09,4.74,153,28,11,15.07,22.68
JL7001,JL600,2024-01-09,6.56,117,22,8,18.72,17.99
AF1001,AF180,2024-01-10,5.69,92,17,7,18.59,11.81
DL2001,DL101,2024-01-10,11.74,106,19,8,36.93,18.6
AF1001,AF180,2024-01-11,2.96,91,17,6,8.57,19.95
AF1002,AF182,2024-01-11,5.86,151,28,10,16.32,27.48
AF1004,AF181,2024-01-11,9.6,137,25,10,32.71,8.29
JL7001,JL600,2024-01-11,8.38,106,19,8,29.3,19.93
AF1001,AF182,2024-01-12,1.28,100,18,8,3.31,17.11
BA5001,BA400,2024-01-12,11.91,166,31,11,45.79,25.65
IB3001,IB200,2024-01-12,7.22,114,21,8,18.25,15.71
JL7001,JL600,2024-01-12,2.17,169,31,12,7.03,24.04
LH4001,LH301,2024-01-12,3.5,304,57,19,10.71,43.87
AF1001,AF180,2024-01-13,1.43,66,12,5,5.51,16.63
AF1002,AF180,2024-01-13,7.76,231,43,15,27.67,32.44
AF1004,AF181,2024-01-13,11.63,104,19,8,37.5,3.5
BA5001,BA400,2024-01-13,7.73,185,34,13,27.09,25.41
DL2001,DL100,2024-01-13,7.75,172,32,11,28.67,25.55
AF1002,AF180,2024-01-14,6.94,132,24,10,26.8,25.39
BA5001,BA400,2024-01-14,10.07,114,21,8,28.89,22.79
DL2001,DL100,2024-01-14,11.85,101,19,7,42.08,19.94
JL7001,JL600,2024-01-14,10.15,154,28,11,34.91,27.39
LH4001,LH300,2024-01-15,8.36,399,74,26,22.26,55.46
AC6001,AC500,2024-01-16,1.57,88,16,6,5.24,15.91
DL2002,DL100,2024-01-16,9.19,105,19,8,31.67,17.79
AF1001,AF182,2024-01-17,9.36,112,21,7,33.21,1.0
AF1002,AF182,2024-01-17,3.2,228,42,16,8.3,35.2
AF1003,AF181,2024-01-17,9.89,131,24,9,37.12,22.84
DL2002,DL101,2024-01-17,1.17,160,30,10,4.29,25.6
IB3001,IB200,2024-01-17,3.72,84,15,7,10.82,19.16
JL7001,JL600,2024-01-17,6.77,180,33,12,21.86,25.54
LH4001,LH301,2024-01-19,8.64,290,54,19,22.37,43.47
DL2002,DL100,2024-01-20,4.2,84,15,7,10.57,11.76
LH4001,LH301,2024-01-20,11.85,216,40,15,41.08,28.95
AF1002,AF182,2024-01-21,1.16,140,26,9,4.45,18.68
AF1003,AF180,2024-01-21,5.5,186,34,13,21.89,26.13
DL2001,DL101,2024-01-21,8.6,192,36,12,25.27,33.34
AF1001,AF181,2024-01-22,1.27,67,12,5,4.26,9.62
BA5001,BA400,2024-01-22,3.09,101,19,7,7.85,20.13
AF1004,AF180,2024-01-23,3.93,102,19,7,12.72,15.15
DL2001,DL101,2024-01-23,11.1,124,23,9,43.82,20.87
JL7001,JL600,2024-01-23,10.87,109,20,8,32.82,16.05
LH4001,LH301,2024-01-23,7.33,365,68,24,18.73,53.95
AF1003,AF180,2024-01-24,9.34,127,23,9,35.77,17.59
AF1004,AF180,2024-01-24,7.47,87,16,6,19.53,20.5
BA5001,BA400,2024-01-24,6.15,167,31,11,16.68,25.87
AF1002,AF182,2024-01-25,2.96,172,32,11,9.64,27.3
DL2002,DL100,2024-01-25,7.38,107,20,7,18.8,16.89
AF1001,AF180,2024-01-26,4.57,99,18,7,16.36,14.04
AF1002,AF181,2024-01-26,5.39,183,34,12,17.09,32.87
BA5001,BA400,2024-01-26,6.9,131,24,9,19.67,25.41
JL7001,JL600,2024-01-26,9.25,163,30,11,28.9,21.83
AC6001,AC500,2024-01-27,6.52,77,14,6,17.26,14.74
DL2002,DL101,2024-01-27,9.75,138,25,10,37.36,25.28
LH4001,LH300,2024-01-27,1.76,396,74,26,6.58,50.9
AF1001,AF180,2024-01-28,10.06,82,15,6,36.42,1.0
BA5001,BA400,2024-01-28,8.52,112,21,8,27.48,23.45
AC6001,AC500,2024-01-29,6.87,61,11,5,26.8,5.2
BA5001,BA400,2024-01-29,3.59,100,18,8,12.66,18.69
DL2002,DL100,2024-01-29,1.54,105,19,8,4.55,17.92
IB3001,IB200,2024-01-29,5.11,82,15,6,14.08,13.7
AC6001,AC500,2024-01-30,1.07,82,15,6,3.5,18.72
AF1001,AF181,2024-01-30,11.99,89,16,7,44.03,1.0
AF1001,AF182,2024-01-31,8.07,63,11,5,26.97,3.43
AF1004,AF180,2024-01-31,4.67,144,27,9,16.13,21.69
DL2002,DL101,2024-01-31,6.58,96,18,6,19.47,17.59
JL7001,JL600,2024-01-31,8.53,160,30,11,30.19,24.77
AC6001,AC500,2024-02-01,11.4,68,12,6,40.61,1.0
AF1003,AF182,2024-02-01,3.54,172,32,11,11.03,31.14
DL2001,DL100,2024-02-01,5.81,128,24,9,17.0,24.92
JL7001,JL600,2024-02-01,8.16,115,21,8,25.89,19.1
LH4001,LH300,2024-02-01,7.72,362,67,24,21.89,47.42
BA5001,BA400,2024-02-02,5.99,132,24,9,21.87,19.64
JL7001,JL600,2024-02-02,5.44,143,26,10,14.52,27.59
LH4001,LH301,2024-02-02,4.81,306,57,20,12.3,43.71
AF1004,AF180,2024-02-03,8.18,157,29,11,27.39,13.61
AF1002,AF182,2024-02-04,9.14,168,31,11,28.55,25.96
AF1004,AF181,2024-02-04,5.07,104,19,8,17.49,15.68
AF1003,AF182,2024-02-05,5.25,140,26,9,17.83,26.8
BA5001,BA400,2024-02-05,3.73,192,36,13,9.83,33.44
DL2001,DL100,2024-02-05,3.72,188,35,13,10.64,33.23
AF1003,AF182,2024-02-06,10.22,204,38,14,26.38,31.4
AF1004,AF181,2024-02-06,9.66,113,21,8,35.62,5.38
DL2001,DL100,2024-02-06,4.59,195,36,13,13.52,32.54
AF1001,AF182,2024-02-07,7.27,83,15,6,21.36,9.04
AF1004,AF181,2024-02-07,9.54,145,27,10,29.39,11.61
JL7001,JL600,2024-02-07,9.84,120,22,9,29.99,23.67
BA5001,BA400,2024-02-08,7.33,108,20,7,27.74,15.94
DL2001,DL101,2024-02-08,5.56,132,24,9,13.96,24.61
LH4001,LH300,2024-02-08,4.49,225,42,15,15.89,34.81
AC6001,AC500,2024-02-09,2.51,55,10,4,6.9,12.14
IB3001,IB200,2024-02-09,7.7,156,29,11,21.27,19.73
LH4001,LH300,2024-02-09,1.53,251,47,16,5.38,37.37
AC6001,AC500,2024-02-10,6.18,88,16,7,17.82,13.4
AF1004,AF180,2024-02-10,6.0,114,21,8,19.36,18.34
DL2002,DL101,2024-02-10,4.58,147,27,10,16.17,28.07
IB3001,IB200,2024-02-10,10.83,97,18,7,28.21,12.79
BA5001,BA400,2024-02-11,4.47,189,35,13,12.22,27.48
DL2001,DL101,2024-02-11,5.92,194,36,13,18.55,25.31
DL2002,DL101,2024-02-11,5.92,152,28,10,21.09,25.68
IB3001,IB200,2024-02-11,4.86,105,19,8,16.23,18.01
AC6001,AC500,2024-02-12,1.01,59,11,4,2.58,14.47
AF1004,AF181,2024-02-12,6.34,104,19,8,25.31,15.69
DL2002,DL100,2024-02-12,9.51,100,18,8,26.18,19.76
IB3001,IB201,2024-02-12,7.47,114,21,8,28.63,12.37
JL7001,JL600,2024-02-12,5.66,109,20,8,18.49,18.69
BA5001,BA400,2024-02-13,9.12,164,30,12,28.13,30.03
DL2001,DL101,2024-02-13,6.4,134,25,9,20.97,21.44
JL7001,JL600,2024-02-13,11.9,186,34,13,31.98,27.46
LH4001,LH300,2024-02-13,11.63,381,71,25,29.31,52.24
AC6001,AC500,2024-02-14,5.58,63,11,5,15.6,16.4
AF1001,AF182,2024-02-14,11.74,63,11,5,31.46,1.0
AF1003,AF181,2024-02-14,4.39,233,43,16,16.6,32.59
DL2001,DL101,2024-02-14,2.73,162,30,11,8.5,27.42
DL2002,DL100,2024-02-14,9.04,116,21,9,33.09,24.15
JL7001,JL600,2024-02-14,7.54,164,30,11,25.59,21.57
AF1002,AF182,2024-02-15,4.52,202,37,14,17.03,31.5
DL2001,DL100,2024-02-15,5.36,108,20,8,16.2,22.88
DL2002,DL100,2024-02-15,9.81,123,23,8,31.92,25.21
LH4001,LH301,2024-02-15,1.31,208,39,14,3.95,27.54
AC6001,AC500,2024-02-16,5.56,89,16,7,17.93,14.07
AF1004,AF180,2024-02-16,2.27,158,29,11,6.05,26.45
IB3001,IB201,2024-02-16,4.1,124,23,9,16.26,17.29
JL7001,JL600,2024-02-16,4.37,164,30,12,13.96,25.45
AF1003,AF182,2024-02-17,7.5,160,30,10,26.16,25.32
BA5001,BA400,2024-02-17,2.34,111,20,8,7.26,15.17
DL2001,DL100,2024-02-17,9.34,138,25,10,25.51,24.4
LH4001,LH300,2024-02-17,6.54,337,63,22,22.38,45.5
AC6001,AC500,2024-02-18,4.97,57,10,5,14.19,11.21
AF1003,AF181,2024-02-19,11.35,144,27,10,35.96,19.35
AF1004,AF180,2024-02-19,5.63,148,27,11,14.22,22.75
DL2001,DL101,2024-02-19,9.64,150,28,10,27.44,28.69
JL7001,JL600,2024-02-19,4.19,98,18,7,16.73,14.6
DL2002,DL100,2024-02-20,7.78,111,20,8,27.84,18.42
AC6001,AC500,2024-02-21,7.08,65,12,5,21.31,10.72
DL2002,DL100,2024-02-21,7.3,86,16,6,28.92,13.8
JL7001,JL600,2024-02-21,2.83,176,33,11,9.6,24.38
AF1002,AF182,2024-02-22,9.01,161,30,11,26.27,27.01
AF1003,AF180,2024-02-22,6.94,234,43,16,24.94,31.61
AF1004,AF181,2024-02-22,5.42,141,26,10,19.6,18.97
AF1001,AF182,2024-02-23,3.61,76,14,5,13.16,17.24
AF1004,AF181,2024-02-23,3.38,124,23,9,8.77,20.76
BA5001,BA400,2024-02-23,11.89,120,22,9,31.67,17.77
IB3001,IB200,2024-02-23,3.95,129,24,9,15.64,22.68
AC6001,AC500,2024-02-24,10.83,83,15,6,36.31,1.0
AF1002,AF181,2024-02-24,3.57,187,35,12,9.79,31.77
AF1004,AF180,2024-02-24,5.57,140,26,9,14.16,18.63
AF1001,AF180,2024-02-25,11.93,67,12,5,41.38,1.0
AF1004,AF182,2024-02-25,8.6,115,21,8,30.21,10.79
AF1003,AF182,2024-02-26,8.4,196,36,14,24.51,27.7
DL2002,DL100,2024-02-26,10.68,159,29,11,39.6,21.5
IB3001,IB201,2024-02-26,8.23,112,21,7,28.5,12.5
JL7001,JL600,2024-02-26,8.69,150,28,10,27.78,26.54
AF1001,AF180,2024-02-27,4.93,96,18,6,12.45,15.56
AF1003,AF181,2024-02-27,5.13,232,43,15,20.43,37.51
DL2002,DL100,2024-02-27,7.42,135,25,9,21.09,19.39
AF1001,AF180,2024-02-28,3.99,77,14,6,10.55,13.69
AF1002,AF180,2024-02-28,7.83,143,26,10,28.62,19.81
BA5001,BA400,2024-02-28,8.67,141,26,10,33.5,24.42
AF1003,AF180,2024-02-29,9.04,185,34,13,23.74,24.65
AF1004,AF182,2024-02-29,8.92,104,19,7,31.74,9.26
DL2002,DL100,2024-02-29,3.45,120,22,9,11.37,21.71
AF1003,AF182,2024-03-01,2.71,152,28,10,7.68,24.4
AF1004,AF180,2024-03-01,1.61,105,19,8,5.94,14.53
LH4001,LH300,2024-03-01,9.96,244,45,17,29.07,36.6
AC6001,AC500,2024-03-02,8.19,53,10,4,21.45,8.65
AF1001,AF182,2024-03-02,6.97,84,15,7,22.18,8.22
AF1002,AF182,2024-03-02,9.46,257,48,17,33.13,38.59
BA5001,BA400,2024-03-02,5.19,156,29,11,19.84,26.44
DL2002,DL100,2024-03-02,10.36,107,20,7,32.48,14.85
AF1001,AF180,2024-03-03,5.06,94,17,7,13.39,17.01
AF1004,AF182,2024-03-03,3.86,98,18,7,13.24,18.51
DL2001,DL100,2024-03-03,4.2,160,30,11,13.85,28.07
DL2002,DL101,2024-03-03,1.84,98,18,7,6.0,16.52
AC6001,AC500,2024-03-04,6.99,77,14,6,18.53,13.01
DL2001,DL100,2024-03-04,7.09,156,29,10,17.86,27.65
IB3001,IB200,2024-03-04,8.0,149,28,10,21.3,19.7
AC6001,AC500,2024-03-05,2.91,89,16,7,10.27,13.38
AF1004,AF182,2024-03-05,6.48,114,21,8,23.31,17.15
DL2002,DL101,2024-03-05,1.33,102,19,7,4.6,21.45
LH4001,LH300,2024-03-05,1.18,316,59,20,3.08,42.8
AC6001,AC500,2024-03-06,1.89,95,17,7,4.88,21.32
AF1001,AF181,2024-03-06,9.78,115,21,8,38.38,1.0
AF1003,AF180,2024-03-06,7.43,159,29,11,23.25,23.83
BA5001,BA400,2024-03-06,10.43,144,27,9,39.0,19.61
DL2002,DL100,2024-03-06,9.16,161,30,11,26.11,26.0
IB3001,IB201,2024-03-06,7.77,114,21,8,24.56,16.5
AC6001,AC500,2024-03-07,8.4,88,16,7,26.45,5.55
AF1002,AF182,2024-03-07,5.5,142,26,10,21.19,22.86
DL2001,DL101,2024-03-07,5.13,150,28,10,16.78,25.91
AF1004,AF180,2024-03-08,9.91,113,21,8,39.31,1.69
DL2001,DL100,2024-03-08,8.74,155,29,10,28.5,21.9
LH4001,LH301,2024-03-08,2.94,233,43,16,7.99,34.67
AC6001,AC500,2024-03-09,6.73,76,14,6,26.47,5.53
AF1004,AF181,2024-03-09,3.94,116,21,9,11.21,19.83
DL2002,DL100,2024-03-09,5.53,144,27,9,20.71,27.96
JL7001,JL600,2024-03-09,7.72,140,26,9,28.59,20.39
LH4001,LH301,2024-03-09,10.78,300,56,20,29.49,38.97
AC6001,AC500,2024-03-10,6.22,67,12,5,17.23,14.77
AF1004,AF181,2024-03-10,8.18,144,27,9,25.61,15.39
DL2001,DL101,2024-03-10,11.1,100,18,8,30.61,15.46
DL2002,DL101,2024-03-10,1.32,89,16,7,4.03,16.86
IB3001,IB201,2024-03-10,4.46,132,24,10,11.27,17.84
JL7001,JL600,2024-03-10,2.03,105,19,8,7.47,20.44
AC6001,AC500,2024-03-11,7.71,52,9,4,20.47,11.53
AF1001,AF181,2024-03-11,2.21,82,15,6,7.15,19.94
BA5001,BA400,2024-03-11,5.48,170,31,12,16.47,28.45
IB3001,IB201,2024-03-11,1.28,84,15,6,4.89,18.54
LH4001,LH300,2024-03-11,5.66,393,73,26,14.59,52.93
AF1001,AF181,2024-03-12,9.22,113,21,8,33.98,1.0
AF1003,AF182,2024-03-12,3.53,191,35,13,10.52,29.62
DL2002,DL100,2024-03-12,11.84,92,17,6,30.64,20.93
AF1002,AF182,2024-03-13,7.89,209,39,14,29.25,34.89
AF1003,AF180,2024-03-13,9.34,136,25,9,30.01,22.15
AF1004,AF180,2024-03-13,4.69,110,20,8,18.05,22.95
DL2001,DL100,2024-03-13,2.75,105,19,8,8.38,22.11
JL7001,JL600,2024-03-13,6.84,141,26,10,19.9,21.37
DL2001,DL101,2024-03-14,1.19,172,32,11,4.29,30.63
AF1002,AF182,2024-03-15,6.54,189,35,13,19.19,28.83
IB3001,IB201,2024-03-15,3.04,94,17,7,8.51,21.74
AF1004,AF180,2024-03-16,11.93,145,27,10,46.61,1.0
AF1003,AF180,2024-03-17,2.28,182,34,12,7.12,28.67
DL2002,DL101,2024-03-17,8.7,128,24,8,34.41,19.89
IB3001,IB201,2024-03-18,4.53,144,27,10,12.49,20.66
LH4001,LH301,2024-03-18,10.92,264,49,17,33.31,35.07
AC6001,AC500,2024-03-19,10.29,56,10,5,35.09,1.0
AF1002,AF182,2024-03-19,8.29,181,34,12,27.08,28.56
IB3001,IB200,2024-03-19,11.4,95,17,7,36.09,4.91
AF1001,AF181,2024-03-20,10.54,69,13,5,28.25,2.15
AF1001,AF180,2024-03-21,1.36,84,15,7,4.68,14.68
AF1003,AF180,2024-03-21,11.34,179,33,12,44.39,28.34
DL2001,DL100,2024-03-21,6.04,119,22,8,20.43,17.23
LH4001,LH301,2024-03-21,1.61,279,52,18,6.43,38.73
DL2002,DL101,2024-03-22,1.98,145,27,10,6.82,25.01
AC6001,AC500,2024-03-23,4.88,52,9,4,15.99,12.28
DL2002,DL101,2024-03-23,6.19,161,30,11,19.84,28.17
JL7001,JL600,2024-03-23,2.94,187,35,12,10.66,27.82
AF1001,AF181,2024-03-24,4.59,73,13,6,14.09,16.31
IB3001,IB200,2024-03-24,5.84,96,18,7,20.38,18.19
AF1001,AF182,2024-03-25,1.95,115,21,8,5.1,23.33
IB3001,IB200,2024-03-25,4.83,140,26,9,14.74,23.33
JL7001,JL600,2024-03-25,10.24,159,29,11,36.38,24.34
AF1001,AF180,2024-03-26,9.74,76,14,6,36.21,1.0
AF1002,AF180,2024-03-26,2.97,180,33,12,9.71,26.08
AF1004,AF182,2024-03-26,6.07,112,21,8,23.54,17.46
LH4001,LH300,2024-03-26,7.27,343,64,22,22.62,52.73
DL2001,DL101,2024-03-27,9.64,176,33,11,25.67,27.24
IB3001,IB201,2024-03-27,1.84,116,21,8,5.2,17.4
AF1003,AF182,2024-03-28,3.96,168,31,11,15.01,28.2
DL2001,DL100,2024-03-28,5.01,167,31,11,16.28,28.94
LH4001,LH300,2024-03-28,4.23,269,50,18,13.47,38.23
IB3001,IB200,2024-03-29,6.66,102,19,7,17.31,22.45
AF1003,AF180,2024-03-30,3.58,236,44,16,12.34,39.37
IB3001,IB201,2024-03-30,3.46,155,29,10,11.39,25.4
LH4001,LH300,2024-03-30,6.45,380,71,25,17.4,51.22
BA5001,BA400,2024-03-31,9.33,128,24,8,34.95,20.11
DL2001,DL100,2024-03-31,7.33,121,22,9,22.97,24.37
JL7001,JL600,2024-03-31,3.48,156,29,11,9.64,29.19
AF1002,AF181,2024-04-01,3.0,157,29,11,9.73,23.17
AF1003,AF181,2024-04-01,6.43,167,31,11,19.73,24.42
AF1004,AF180,2024-04-01,8.07,98,18,7,26.17,14.92
DL2002,DL100,2024-04-01,7.83,117,22,8,27.38,18.93
JL7001,JL600,2024-04-01,4.64,168,31,12,14.2,26.07
AF1002,AF182,2024-04-02,11.83,198,37,13,31.97,26.55
LH4001,LH300,2024-04-02,10.32,324,60,22,40.27,46.64
AF1002,AF182,2024-04-03,4.6,212,39,14,11.81,33.97
BA5001,BA400,2024-04-03,3.98,123,23,8,15.48,24.75
DL2001,DL100,2024-04-03,11.1,188,35,12,36.93,28.68
IB3001,IB200,2024-04-03,7.74,114,21,8,28.79,12.21
BA5001,BA400,2024-04-04,4.29,184,34,12,16.2,26.34
JL7001,JL600,2024-04-04,2.09,115,21,8,7.17,20.82
AF1002,AF180,2024-04-05,7.79,202,37,14,22.72,29.6
AF1003,AF181,2024-04-05,7.83,124,23,8,20.35,23.39
AC6001,AC500,2024-04-06,3.79,77,14,6,11.32,13.09
AF1001,AF180,2024-04-06,11.84,85,16,6,37.67,1.0
DL2002,DL100,2024-04-06,4.89,106,19,8,13.59,17.42
IB3001,IB201,2024-04-06,2.74,150,28,10,7.47,20.59
JL7001,JL600,2024-04-06,5.61,159,29,11,17.38,26.99
AF1003,AF181,2024-04-07,8.46,139,26,9,23.78,23.41
AF1004,AF182,2024-04-07,9.81,148,27,10,28.66,12.34
IB3001,IB200,2024-04-07,3.26,108,20,7,10.36,15.99
AF1001,AF181,2024-04-08,1.05,96,18,6,2.98,13.89
AF1002,AF181,2024-04-08,3.76,248,46,17,10.58,36.21
BA5001,BA400,2024-04-08,3.48,156,29,11,12.31,23.74
DL2001,DL100,2024-04-08,2.28,135,25,9,6.05,26.29
DL2002,DL100,2024-04-08,6.21,161,30,11,24.16,22.69
LH4001,LH300,2024-04-08,2.18,233,43,16,8.2,38.35
DL2002,DL101,2024-04-09,5.52,164,30,11,16.42,21.89
AC6001,AC500,2024-04-10,4.12,53,10,4,14.26,9.97
BA5001,BA400,2024-04-10,2.06,180,33,12,6.81,28.23
LH4001,LH301,2024-04-10,9.46,365,68,24,28.64,46.8
AC6001,AC500,2024-04-11,8.13,66,12,5,27.17,4.83
AF1002,AF181,2024-04-11,9.6,132,24,9,29.64,22.76
AF1003,AF182,2024-04-11,8.98,223,41,15,34.16,37.29
AF1004,AF180,2024-04-11,11.24,144,27,10,39.36,1.64
BA5001,BA400,2024-04-11,5.62,103,19,7,21.63,20.08
DL2002,DL100,2024-04-11,7.91,117,22,8,21.78,23.23
LH4001,LH301,2024-04-11,11.15,220,41,14,36.59,36.46
AF1001,AF180,2024-04-12,1.4,70,13,5,3.78,10.68
AF1002,AF181,2024-04-12,5.5,155,29,10,16.36,23.63
AF1003,AF181,2024-04-12,9.15,224,42,14,23.08,34.56
AF1001,AF182,2024-04-13,8.21,119,22,8,26.81,3.59
AF1004,AF181,2024-04-13,7.16,81,15,6,19.78,14.95
AF1001,AF182,2024-04-14,6.4,65,12,5,23.97,6.43
BA5001,BA400,2024-04-15,2.72,172,32,11,10.51,27.59
JL7001,JL600,2024-04-15,2.77,173,32,12,10.69,29.14
DL2002,DL101,2024-04-16,4.38,101,19,7,12.69,16.12
LH4001,LH300,2024-04-16,9.01,364,68,24,28.43,53.33
AF1002,AF182,2024-04-17,10.72,175,32,12,27.0,31.74
BA5001,BA400,2024-04-17,4.79,183,34,12,15.47,26.17
DL2001,DL100,2024-04-17,9.34,149,28,10,31.19,28.2
AF1001,AF180,2024-04-18,1.3,100,18,8,3.98,16.4
BA5001,BA400,2024-04-18,6.23,184,34,13,18.26,27.0
AF1003,AF181,2024-04-19,11.08,227,42,15,31.22,33.49
BA5001,BA400,2024-04-19,7.78,115,21,8,27.38,21.67
JL7001,JL600,2024-04-19,3.52,176,33,12,10.74,27.87
LH4001,LH300,2024-04-19,11.9,324,60,22,33.29,49.88
AC6001,AC500,2024-04-20,10.35,74,13,6,26.12,5.88
AF1001,AF180,2024-04-20,4.72,116,21,8,11.99,16.97
AF1002,AF180,2024-04-20,8.45,214,40,14,30.42,32.78
AF1003,AF181,2024-04-20,10.23,200,37,13,33.37,32.09
IB3001,IB200,2024-04-20,6.71,154,28,11,23.58,17.42
JL7001,JL600,2024-04-20,3.47,145,27,10,10.62,23.17
AC6001,AC500,2024-04-21,8.68,58,10,5,32.71,1.0
AF1004,AF182,2024-04-21,4.23,159,29,11,13.48,21.37
BA5001,BA400,2024-04-21,4.46,188,35,13,12.45,29.76
DL2001,DL101,2024-04-21,6.6,166,31,11,21.35,27.26
JL7001,JL600,2024-04-21,9.85,129,24,9,28.92,22.35
AC6001,AC500,2024-04-22,1.93,70,13,5,5.31,17.42
AF1001,AF180,2024-04-22,3.25,106,19,8,11.85,15.76
DL2002,DL100,2024-04-22,7.73,101,19,7,24.77,18.26
AF1004,AF181,2024-04-23,2.66,97,18,7,8.04,21.01
DL2002,DL101,2024-04-23,3.25,148,27,11,9.7,27.73
IB3001,IB201,2024-04-23,9.08,145,27,10,31.73,9.27
AC6001,AC500,2024-04-24,7.13,93,17,7,18.21,12.91
AF1002,AF182,2024-04-24,11.22,192,36,12,29.66,30.99
AF1004,AF181,2024-04-24,7.17,156,29,10,23.64,17.36
BA5001,BA400,2024-04-24,5.36,114,21,8,20.05,17.65
AF1001,AF180,2024-04-26,2.55,108,20,8,7.45,18.43
AF1004,AF180,2024-04-26,7.5,144,27,9,26.42,14.58
DL2001,DL100,2024-04-26,9.5,102,19,7,32.54,14.41
IB3001,IB200,2024-04-26,6.37,136,25,9,19.46,19.26
AF1001,AF180,2024-04-27,10.57,106,19,8,39.84,1.0
BA5001,BA400,2024-04-27,7.91,192,36,13,24.74,28.06
DL2002,DL101,2024-04-28,4.48,147,27,10,14.72,26.83
AF1002,AF180,2024-04-29,10.13,188,35,12,34.4,32.44
BA5001,BA400,2024-04-29,5.25,144,27,9,20.66,24.46
DL2001,DL101,2024-04-29,6.31,197,37,13,22.27,33.55
JL7001,JL600,2024-04-29,2.65,148,27,11,8.3,27.06
AF1003,AF182,2024-04-30,8.98,215,40,14,28.07,28.97
BA5001,BA400,2024-04-30,4.7,99,18,7,15.67,13.93
AF1001,AF182,2024-05-01,6.36,102,19,7,24.84,5.56
BA5001,BA400,2024-05-01,3.79,180,33,13,13.65,30.61
AF1003,AF182,2024-05-02,4.73,143,26,10,14.45,24.45
AF1004,AF181,2024-05-02,5.4,124,23,8,13.75,17.05
AF1001,AF182,2024-05-03,1.09,101,19,7,3.08,19.29
AF1002,AF182,2024-05-04,9.81,172,32,12,31.87,25.86
DL2001,DL100,2024-05-04,3.11,180,33,13,7.82,32.45
IB3001,IB200,2024-05-04,6.02,156,29,11,20.2,20.8
JL7001,JL600,2024-05-04,5.81,164,30,12,14.7,30.03
LH4001,LH301,2024-05-04,9.63,203,38,13,29.79,27.42
AF1001,AF181,2024-05-05,5.27,84,15,6,20.07,10.33
JL7001,JL600,2024-05-05,9.81,136,25,9,25.03,26.12
AF1001,AF180,2024-05-06,2.6,103,19,7,7.77,15.18
AF1002,AF180,2024-05-06,5.53,222,41,15,16.85,35.32
IB3001,IB201,2024-05-06,1.25,144,27,10,3.36,27.14
AF1001,AF180,2024-05-07,1.06,64,12,4,3.04,12.79
AF1002,AF181,2024-05-07,10.35,222,41,15,29.69,29.91
IB3001,IB201,2024-05-07,6.75,138,25,10,23.4,17.6
AF1001,AF182,2024-05-08,11.77,101,19,7,37.83,1.0
DL2001,DL100,2024-05-08,8.04,152,28,10,28.55,26.29
IB3001,IB200,2024-05-08,7.83,129,24,9,26.5,14.5
AC6001,AC500,2024-05-09,8.02,83,15,6,26.52,5.48
AF1003,AF180,2024-05-09,7.2,180,33,13,28.56,30.34
AF1004,AF180,2024-05-09,5.33,159,29,11,20.16,20.84
BA5001,BA400,2024-05-09,11.38,169,31,12,41.05,26.64
DL2002,DL101,2024-05-09,4.6,150,28,10,15.2,22.43
AC6001,AC500,2024-05-10,6.09,89,16,7,16.43,15.57
AF1003,AF182,2024-05-10,2.04,179,33,12,5.98,31.74
DL2001,DL100,2024-05-10,9.08,180,33,12,30.37,24.32
IB3001,IB200,2024-05-10,3.39,146,27,10,9.38,26.84
JL7001,JL600,2024-05-10,2.91,102,19,7,10.95,20.59
AC6001,AC500,2024-05-11,10.92,58,10,5,35.55,1.0
AF1002,AF180,2024-05-11,10.46,162,30,11,37.14,21.48
AF1004,AF181,2024-05-11,10.55,95,17,7,32.03,8.97
DL2002,DL100,2024-05-11,5.49,139,26,9,18.46,23.89
LH4001,LH301,2024-05-11,7.14,235,44,15,24.83,31.78
AF1001,AF182,2024-05-12,6.77,66,12,5,26.88,3.52
AF1003,AF181,2024-05-12,6.58,193,36,13,23.99,30.74
AF1004,AF181,2024-05-12,9.13,135,25,9,23.84,17.16
BA5001,BA400,2024-05-12,6.94,176,33,12,19.82,27.32
LH4001,LH300,2024-05-12,10.5,280,52,19,36.33,41.87
AC6001,AC500,2024-05-13,1.06,64,12,4,3.44,15.42
AF1004,AF182,2024-05-13,6.96,111,20,8,27.62,13.38
LH4001,LH300,2024-05-13,11.58,205,38,14,41.67,34.6
AF1002,AF181,2024-05-14,11.29,173,32,12,29.94,24.79
BA5001,BA400,2024-05-14,8.61,159,29,11,22.02,25.25
DL2001,DL101,2024-05-14,3.29,132,24,9,12.14,18.15
DL2002,DL101,2024-05-14,10.81,87,16,6,42.83,20.29
IB3001,IB201,2024-05-14,3.79,93,17,7,10.46,18.22
AF1003,AF181,2024-05-15,2.3,173,32,12,5.91,24.84
BA5001,BA400,2024-05-15,1.46,168,31,11,5.43,22.58
AF1003,AF182,2024-05-16,2.79,156,29,10,8.64,23.25
BA5001,BA400,2024-05-16,1.93,106,19,8,5.75,22.72
JL7001,JL600,2024-05-16,10.68,190,35,13,29.77,28.33
AC6001,AC500,2024-05-17,5.23,55,10,4,19.25,11.96
AF1002,AF182,2024-05-17,9.6,258,48,17,36.18,41.54
AF1004,AF182,2024-05-17,6.43,130,24,9,20.6,20.4
DL2001,DL101,2024-05-17,10.74,124,23,9,31.94,21.09
IB3001,IB200,2024-05-17,11.72,142,26,10,45.76,1.0
AC6001,AC500,2024-05-18,7.41,81,15,6,20.77,11.23
DL2002,DL100,2024-05-18,10.93,140,26,10,31.33,21.56
JL7001,JL600,2024-05-18,2.44,100,18,8,7.69,20.15
AF1002,AF182,2024-05-19,11.91,130,24,9,36.24,18.46
AF1003,AF182,2024-05-19,2.65,164,30,11,9.79,22.84
DL2002,DL100,2024-05-19,2.03,128,24,9,6.66,23.21
AF1001,AF180,2024-05-20,4.54,91,17,6,13.4,12.51
AF1002,AF181,2024-05-20,8.27,156,29,11,24.77,25.19
AF1004,AF182,2024-05-20,10.35,124,23,9,39.23,1.77
BA5001,BA400,2024-05-20,3.76,145,27,10,11.49,19.63
DL2002,DL101,2024-05-20,5.9,89,16,7,18.79,17.29
IB3001,IB200,2024-05-20,3.85,91,17,6,11.28,13.35
JL7001,JL600,2024-05-20,5.89,166,31,11,23.01,22.83
AF1001,AF182,2024-05-21,9.51,93,17,7,37.01,1.0
AF1002,AF182,2024-05-21,7.44,137,25,10,22.11,20.1
AF1004,AF181,2024-05-21,4.49,116,21,8,15.49,20.2
DL2001,DL101,2024-05-21,1.85,112,21,8,6.64,23.81
DL2002,DL101,2024-05-21,7.51,121,22,9,21.28,23.27
IB3001,IB201,2024-05-21,6.61,117,22,8,18.51,22.28
AC6001,AC500,2024-05-22,9.23,94,17,7,34.02,1.0
AF1001,AF181,2024-05-22,9.96,60,11,5,34.02,1.0
JL7001,JL600,2024-05-22,3.58,145,27,10,12.63,22.21
AF1002,AF180,2024-05-23,8.05,184,34,12,31.51,24.72
DL2002,DL101,2024-05-23,2.92,132,24,10,8.47,20.9
IB3001,IB200,2024-05-23,10.28,139,26,9,37.39,3.61
AF1001,AF180,2024-05-24,9.32,108,20,8,31.15,1.0
AF1002,AF181,2024-05-24,8.87,144,27,9,30.99,26.75
LH4001,LH301,2024-05-24,7.48,277,52,18,25.57,37.34
AF1002,AF182,2024-05-25,6.81,209,39,14,22.44,36.01
JL7001,JL600,2024-05-25,2.6,136,25,10,8.83,25.87
DL2001,DL101,2024-05-26,5.97,110,20,8,16.93,23.26
JL7001,JL600,2024-05-26,10.29,112,21,8,26.93,15.61
LH4001,LH300,2024-05-26,9.14,266,49,18,30.39,36.65
BA5001,BA400,2024-05-27,11.32,142,26,10,39.55,22.63
DL2002,DL100,2024-05-27,8.93,165,31,11,27.4,22.59
AC6001,AC500,2024-05-28,1.68,87,16,6,4.72,19.08
AF1001,AF181,2024-05-28,9.59,74,13,6,37.59,1.0
DL2002,DL100,2024-05-28,10.54,164,30,11,36.09,28.56
JL7001,JL600,2024-05-28,9.93,100,18,8,31.08,20.45
AC6001,AC500,2024-05-29,8.07,52,9,4,27.7,4.3
AF1001,AF180,2024-05-29,10.25,106,19,8,30.03,1.0
AF1003,AF180,2024-05-29,9.36,165,31,11,25.38,30.11
AF1004,AF180,2024-05-29,6.51,110,20,8,23.74,17.26
LH4001,LH300,2024-05-29,4.17,392,73,26,16.65,51.53
AF1002,AF181,2024-05-30,6.14,256,48,16,21.96,37.42
DL2001,DL100,2024-05-30,10.34,145,27,10,31.09,24.29
AF1004,AF180,2024-05-31,9.31,111,20,8,34.29,6.71
DL2002,DL100,2024-05-31,1.62,149,28,10,6.19,20.06
AC6001,AC500,2024-06-01,6.63,76,14,5,20.02,12.22
AF1002,AF180,2024-06-01,10.76,160,30,11,40.7,27.96
DL2002,DL101,2024-06-02,7.03,135,25,9,24.39,19.56
LH4001,LH300,2024-06-02,5.36,314,58,21,19.59,43.52
AF1001,AF182,2024-06-04,9.12,80,15,5,29.74,1.0
AF1003,AF181,2024-06-04,3.16,204,38,14,9.0,32.84
BA5001,BA400,2024-06-04,9.67,152,28,11,36.55,22.17
DL2001,DL100,2024-06-04,7.81,165,31,11,21.67,30.04
AC6001,AC500,2024-06-05,2.68,83,15,6,10.42,19.08
AF1001,AF182,2024-06-05,6.54,83,15,6,21.87,8.53
AF1002,AF181,2024-06-05,9.97,205,38,14,28.92,26.98
AF1003,AF182,2024-06-05,1.19,172,32,11,3.77,31.26
DL2001,DL101,2024-06-05,4.69,186,34,13,18.57,26.0
LH4001,LH300,2024-06-05,9.08,371,69,24,28.52,51.63
AC6001,AC500,2024-06-06,8.85,92,17,7,34.96,1.0
AF1001,AF180,2024-06-06,11.68,92,17,7,45.9,1.0
AF1002,AF180,2024-06-06,3.54,237,44,16,12.48,34.76
AF1004,AF182,2024-06-06,11.68,100,18,7,31.91,9.09
AC6001,AC500,2024-06-07,10.66,84,15,6,37.21,1.0
AF1001,AF180,2024-06-08,11.51,60,11,5,35.29,1.0
AF1004,AF181,2024-06-08,7.1,98,18,7,23.16,17.84
JL7001,JL600,2024-06-08,2.4,108,20,8,6.56,15.05
LH4001,LH300,2024-06-08,3.05,301,56,20,10.6,40.53
AF1002,AF181,2024-06-09,6.9,184,34,13,23.72,28.54
DL2002,DL101,2024-06-09,6.13,159,29,11,20.23,24.57
AF1002,AF181,2024-06-10,11.35,192,36,13,42.01,28.52
LH4001,LH300,2024-06-10,1.55,306,57,20,5.92,44.76
AF1003,AF181,2024-06-11,3.81,224,42,15,11.22,34.45
BA5001,BA400,2024-06-11,7.46,108,20,7,21.33,19.45
JL7001,JL600,2024-06-11,10.98,192,36,12,37.19,28.11
AC6001,AC500,2024-06-12,10.79,68,12,5,41.87,1.0
AF1001,AF181,2024-06-12,5.42,114,21,8,13.8,16.37
AF1002,AF180,2024-06-12,3.23,144,27,9,12.81,23.42
AF1004,AF181,2024-06-12,3.77,80,15,6,12.85,17.74
DL2002,DL101,2024-06-12,11.32,131,24,9,37.31,17.88
JL7001,JL600,2024-06-12,8.51,132,24,10,25.04,24.07
AF1002,AF180,2024-06-13,2.76,247,46,16,10.5,34.82
AF1003,AF180,2024-06-13,5.59,191,35,13,18.91,27.3
AC6001,AC500,2024-06-14,7.98,68,12,5,31.68,1.0
AF1002,AF181,2024-06-14,11.32,248,46,17,28.92,34.87
AF1004,AF180,2024-06-14,8.45,97,18,7,26.75,14.25
BA5001,BA400,2024-06-14,11.31,104,19,7,43.49,17.66
DL2001,DL100,2024-06-14,7.72,104,19,8,20.96,19.17
LH4001,LH300,2024-06-14,5.51,293,55,19,16.55,44.19
AF1002,AF181,2024-06-15,11.21,244,45,16,40.28,35.5
AF1004,AF180,2024-06-15,5.76,157,29,11,20.35,20.65
AF1003,AF182,2024-06-16,9.38,132,24,10,32.46,21.37
DL2002,DL101,2024-06-16,9.01,140,26,10,33.52,24.75
AF1004,AF180,2024-06-17,4.46,95,17,7,13.26,15.85
BA5001,BA400,2024-06-17,7.5,160,30,11,19.84,21.51
DL2002,DL101,2024-06-17,3.93,129,24,9,13.43,23.93
IB3001,IB200,2024-06-17,7.35,135,25,9,21.26,20.19
AC6001,AC500,2024-06-18,4.97,97,18,7,14.71,17.29
IB3001,IB201,2024-06-18,1.22,108,20,8,3.95,21.46
AF1001,AF181,2024-06-19,8.47,108,20,7,21.31,9.09
JL7001,JL600,2024-06-19,3.1,115,21,8,9.09,16.3
AF1001,AF181,2024-06-20,7.23,112,21,7,23.09,7.31
AF1002,AF182,2024-06-20,5.35,193,36,13,15.94,31.3
IB3001,IB200,2024-06-20,11.78,111,20,8,32.08,8.92
AC6001,AC500,2024-06-21,4.15,101,19,7,14.5,14.63
AF1001,AF181,2024-06-21,1.83,88,16,7,6.83,12.3
AF1002,AF180,2024-06-21,2.09,129,24,9,6.73,24.69
DL2001,DL100,2024-06-21,2.68,150,28,10,6.71,25.37
JL7001,JL600,2024-06-21,1.53,128,24,8,5.7,22.63
AF1003,AF182,2024-06-22,7.68,172,32,11,29.98,28.71
DL2002,DL101,2024-06-22,9.09,126,23,9,23.61,24.35
AF1004,AF180,2024-06-23,6.01,96,18,7,16.3,17.11
BA5001,BA400,2024-06-23,5.89,128,24,8,22.57,17.3
AF1001,AF181,2024-06-24,10.59,116,21,8,33.19,1.0
AF1002,AF181,2024-06-24,3.94,164,30,11,13.85,23.66
AF1003,AF181,2024-06-24,7.49,124,23,8,28.29,21.37
AF1001,AF180,2024-06-25,8.31,76,14,5,22.0,8.4
BA5001,BA400,2024-06-25,6.31,96,18,7,19.05,21.42
JL7001,JL600,2024-06-25,1.1,116,21,8,3.16,24.41
AC6001,AC500,2024-06-26,10.75,62,11,5,40.88,1.0
AF1002,AF181,2024-06-26,5.94,210,39,14,22.51,33.2
AF1004,AF180,2024-06-26,2.05,81,15,6,6.31,14.54
AF1003,AF180,2024-06-27,6.4,229,43,15,21.25,37.89
AF1004,AF182,2024-06-27,1.63,113,21,8,5.27,19.88
BA5001,BA400,2024-06-27,11.56,152,28,11,30.0,21.42
JL7001,JL600,2024-06-27,4.44,100,18,7,12.3,17.43
AC6001,AC500,2024-06-28,3.94,86,16,6,13.89,18.24
AF1001,AF181,2024-06-28,3.64,64,12,4,11.43,11.15
AF1002,AF182,2024-06-28,4.17,216,40,15,13.56,31.92
DL2001,DL101,2024-06-28,10.97,131,24,9,43.55,22.45
DL2002,DL101,2024-06-28,9.19,104,19,7,33.64,17.99
JL7001,JL600,2024-06-28,6.82,160,30,11,22.93,23.33
AC6001,AC500,2024-06-29,5.54,94,17,7,17.06,14.94
AF1001,AF182,2024-06-29,1.23,118,22,8,3.66,20.67
JL7001,JL600,2024-06-29,7.32,153,28,11,22.87,27.02
AF1002,AF180,2024-06-30,4.68,129,24,9,15.94,18.95
AF1003,AF182,2024-06-30,5.35,128,24,8,18.76,23.86
AF1004,AF180,2024-06-30,1.88,117,22,8,6.17,23.22
BA5001,BA400,2024-06-30,11.1,128,24,8,42.48,18.5
DL2001,DL100,2024-06-30,8.78,180,33,12,27.81,27.63
DL2002,DL101,2024-06-30,8.34,151,28,10,32.15,25.61
LH4001,LH301,2024-06-30,8.83,301,56,20,29.13,45.48
AC6001,AC500,2024-07-01,10.66,103,19,7,33.53,1.0
AF1002,AF181,2024-07-01,9.17,217,40,15,24.61,35.29
AF1003,AF180,2024-07-01,5.62,165,31,11,21.03,23.69
BA5001,BA400,2024-07-01,8.4,140,26,9,23.89,18.94
DL2001,DL101,2024-07-01,4.44,121,22,9,14.2,23.42
AC6001,AC500,2024-07-02,6.48,77,14,6,19.6,12.4
AF1003,AF182,2024-07-02,10.03,227,42,15,28.43,33.88
AF1004,AF182,2024-07-02,1.91,137,25,10,5.24,20.32
BA5001,BA400,2024-07-02,8.25,161,30,11,22.28,30.09
DL2002,DL100,2024-07-02,8.68,120,22,9,26.87,22.12
AC6001,AC500,2024-07-03,4.25,60,11,5,14.32,14.16
AF1002,AF182,2024-07-03,8.85,201,37,14,25.21,33.81
AF1004,AF180,2024-07-03,8.1,96,18,7,26.43,14.57
BA5001,BA400,2024-07-03,10.82,116,21,8,31.04,24.22
AF1001,AF182,2024-07-05,5.82,89,16,7,18.79,11.61
AF1003,AF181,2024-07-05,4.45,158,29,11,16.34,21.09
AF1002,AF182,2024-07-06,2.8,155,29,10,10.26,24.23
AF1003,AF181,2024-07-06,8.56,175,32,12,27.26,31.38
AF1002,AF182,2024-07-07,9.15,176,33,11,34.22,27.83
AF1003,AF182,2024-07-07,5.4,202,37,14,17.15,33.33
BA5001,BA400,2024-07-07,7.17,115,21,8,18.21,24.02
DL2001,DL100,2024-07-07,10.58,128,24,9,32.7,24.22
JL7001,JL600,2024-07-07,3.76,187,35,12,12.24,27.46
LH4001,LH301,2024-07-07,6.95,234,43,16,27.17,32.14
AC6001,AC500,2024-07-08,8.37,92,17,7,33.48,1.0
AF1002,AF182,2024-07-08,4.0,172,32,11,14.7,28.72
LH4001,LH300,2024-07-08,2.95,374,70,24,8.15,51.74
AF1004,AF181,2024-07-09,6.93,112,21,8,27.17,13.83
BA5001,BA400,2024-07-09,7.13,168,31,11,18.83,23.8
DL2002,DL101,2024-07-09,3.78,123,23,8,14.88,24.14
AC6001,AC500,2024-07-10,9.53,52,9,4,26.19,5.81
AF1004,AF182,2024-07-10,3.68,149,28,10,14.05,20.95
DL2002,DL101,2024-07-10,1.86,114,21,8,6.34,22.9
IB3001,IB201,2024-07-10,8.49,111,20,8,33.43,7.57
DL2001,DL101,2024-07-11,8.91,104,19,7,28.64,15.12
AF1003,AF180,2024-07-12,9.96,235,44,15,25.92,30.95
AF1004,AF180,2024-07-12,8.54,157,29,11,26.46,14.54
BA5001,BA400,2024-07-12,11.01,152,28,11,30.02,23.81
DL2001,DL101,2024-07-12,1.64,181,34,12,5.48,27.87
IB3001,IB201,2024-07-12,2.01,116,21,9,7.09,20.68
JL7001,JL600,2024-07-12,4.57,106,19,8,15.25,19.52
AF1002,AF181,2024-07-13,8.71,152,28,11,24.57,25.28
AF1004,AF181,2024-07-13,10.08,86,16,6,26.02,14.98
AC6001,AC500,2024-07-15,9.84,88,16,6,32.5,1.0
AF1002,AF182,2024-07-15,8.79,222,41,15,34.94,32.49
AF1003,AF182,2024-07-15,1.17,140,26,9,4.3,24.81
LH4001,LH300,2024-07-15,3.44,360,67,23,12.96,48.99
AC6001,AC500,2024-07-16,9.8,66,12,5,33.21,1.0
DL2001,DL100,2024-07-16,10.54,132,24,9,39.32,20.45
AC6001,AC500,2024-07-17,10.91,68,12,6,34.7,1.0
AF1003,AF180,2024-07-17,3.01,136,25,10,9.96,22.12
BA5001,BA400,2024-07-17,8.95,152,28,10,32.83,23.17
DL2001,DL101,2024-07-17,11.24,162,30,11,30.46,24.43
AF1001,AF181,2024-07-18,3.99,101,19,7,13.39,15.55
AF1002,AF182,2024-07-18,8.94,132,24,9,28.02,22.22
AF1001,AF180,2024-07-19,5.52,80,15,5,16.02,14.38
AF1002,AF180,2024-07-19,8.48,256,48,17,29.09,33.36
AF1003,AF182,2024-07-20,7.23,144,27,10,28.07,21.83
BA5001,BA400,2024-07-20,11.39,132,24,9,40.63,19.61
AF1001,AF181,2024-07-21,8.14,76,14,6,24.08,6.32
AF1002,AF181,2024-07-21,2.93,187,35,12,8.05,25.28
BA5001,BA400,2024-07-21,5.73,180,33,13,19.48,31.73
DL2001,DL100,2024-07-21,7.88,153,28,11,24.2,28.89
IB3001,IB200,2024-07-21,4.59,139,26,9,15.19,19.9
AF1004,AF181,2024-07-22,1.33,116,21,8,4.25,20.74
BA5001,BA400,2024-07-22,11.56,129,24,9,30.47,22.26
DL2001,DL101,2024-07-22,4.54,139,26,9,13.61,26.36
AC6001,AC500,2024-07-23,6.5,77,14,6,20.23,11.77
AF1001,AF180,2024-07-23,8.65,76,14,5,29.16,1.24
AF1003,AF182,2024-07-23,1.53,189,35,13,4.85,29.66
DL2001,DL101,2024-07-23,1.13,132,24,10,3.99,24.42
LH4001,LH301,2024-07-23,6.82,313,58,21,19.7,42.12
AF1001,AF180,2024-07-24,4.49,60,11,4,13.05,10.28
AF1002,AF181,2024-07-24,8.12,236,44,15,29.01,37.97
BA5001,BA400,2024-07-24,7.06,139,26,9,26.82,25.74
LH4001,LH301,2024-07-25,1.34,380,71,25,3.99,54.11
AF1002,AF181,2024-07-27,9.45,224,42,14,27.47,33.76
BA5001,BA400,2024-07-27,8.82,150,28,10,30.44,20.02
IB3001,IB200,2024-07-27,7.75,86,16,6,23.79,12.95
LH4001,LH301,2024-07-27,10.24,268,50,18,36.96,37.87
AF1001,AF181,2024-07-28,10.4,104,19,8,26.07,4.33
AF1002,AF182,2024-07-28,11.39,172,32,11,31.66,26.52
AF1004,AF182,2024-07-28,4.77,92,17,7,18.53,19.94
BA5001,BA400,2024-07-28,8.05,173,32,12,22.77,24.71
DL2001,DL100,2024-07-28,7.06,113,21,8,20.59,23.95
DL2002,DL101,2024-07-28,10.15,152,28,10,38.79,24.12
LH4001,LH300,2024-07-28,10.15,261,49,17,35.99,41.84
AF1003,AF182,2024-07-29,6.46,156,29,10,24.01,22.46
BA5001,BA400,2024-07-29,3.05,116,21,9,10.1,19.36
DL2001,DL101,2024-07-29,1.17,150,28,10,3.22,22.36
DL2002,DL100,2024-07-29,5.21,148,27,10,18.14,22.56
AF1001,AF182,2024-07-30,8.67,119,22,8,21.7,8.7
AF1003,AF180,2024-07-30,1.21,220,41,14,4.45,32.37
AF1001,AF181,2024-07-31,8.43,77,14,6,22.85,7.55
AF1004,AF181,2024-07-31,7.7,148,27,10,22.88,18.12
DL2002,DL100,2024-07-31,1.57,132,24,9,5.79,18.63
IB3001,IB201,2024-07-31,10.04,80,15,5,27.7,11.34
JL7001,JL600,2024-07-31,2.82,114,21,8,8.31,23.64
LH4001,LH300,2024-07-31,11.32,335,62,22,44.68,43.49
AF1001,AF180,2024-08-01,9.97,99,18,7,33.96,1.0
AF1004,AF182,2024-08-01,10.79,118,22,8,35.33,5.67
BA5001,BA400,2024-08-01,9.64,132,24,9,34.44,23.12
DL2002,DL101,2024-08-01,4.57,86,16,6,17.08,16.76
JL7001,JL600,2024-08-01,7.94,172,32,12,28.27,23.46
AF1001,AF180,2024-08-02,1.6,76,14,6,4.47,19.15
AF1002,AF182,2024-08-02,3.16,246,46,16,10.95,33.82
AF1004,AF180,2024-08-02,5.37,124,23,8,14.47,22.86
JL7001,JL600,2024-08-02,4.48,121,22,9,16.76,24.17
AF1002,AF182,2024-08-03,3.99,167,31,11,13.51,26.22
BA5001,BA400,2024-08-03,3.58,106,19,8,9.47,14.6
DL2002,DL100,2024-08-03,9.57,86,16,6,25.05,17.51
JL7001,JL600,2024-08-03,1.03,166,31,11,2.9,27.49
AF1003,AF181,2024-08-04,9.72,179,33,12,26.57,23.4
IB3001,IB201,2024-08-04,10.28,111,20,8,30.42,10.58
AF1001,AF182,2024-08-05,7.17,68,12,5,20.96,9.44
AF1002,AF180,2024-08-05,11.5,210,39,14,37.01,27.33
AF1004,AF180,2024-08-05,5.01,85,16,6,18.06,14.53
BA5001,BA400,2024-08-05,10.7,179,33,12,28.72,29.18
DL2001,DL101,2024-08-05,7.3,106,19,8,23.17,21.9
JL7001,JL600,2024-08-05,2.07,143,26,10,7.51,19.14
LH4001,LH300,2024-08-05,7.02,285,53,19,24.6,41.43
IB3001,IB200,2024-08-06,10.74,148,27,11,26.97,14.03
LH4001,LH300,2024-08-06,11.01,306,57,20,37.04,41.63
AF1001,AF181,2024-08-07,3.27,104,19,7,12.61,17.79
BA5001,BA400,2024-08-07,2.45,183,34,12,8.81,27.1
DL2001,DL100,2024-08-07,4.69,129,24,9,13.76,24.5
LH4001,LH301,2024-08-07,5.41,396,74,26,20.05,53.83
DL2001,DL100,2024-08-08,3.38,163,30,11,10.25,27.04
DL2002,DL100,2024-08-09,1.55,160,30,10,3.95,26.05
JL7001,JL600,2024-08-09,1.94,148,27,11,5.28,22.01
LH4001,LH301,2024-08-10,3.58,307,57,20,13.91,46.49
AC6001,AC500,2024-08-11,2.81,88,16,6,8.81,15.41
BA5001,BA400,2024-08-11,9.52,173,32,12,29.61,24.58
DL2001,DL101,2024-08-11,9.53,169,31,12,28.46,28.74
JL7001,JL600,2024-08-11,9.21,171,32,11,35.67,26.67
JL7001,JL600,2024-08-12,9.15,151,28,10,32.53,22.06
LH4001,LH300,2024-08-12,6.74,276,51,19,20.61,41.33
BA5001,BA400,2024-08-13,2.64,184,34,13,10.14,26.37
DL2001,DL101,2024-08-13,8.33,150,28,10,28.55,23.84
JL7001,JL600,2024-08-13,4.18,156,29,10,14.56,25.75
LH4001,LH300,2024-08-13,5.52,234,43,16,14.59,34.26
AF1004,AF180,2024-08-14,9.59,120,22,9,26.75,14.25
BA5001,BA400,2024-08-14,11.63,174,32,12,40.28,31.59
IB3001,IB200,2024-08-14,4.57,107,20,7,14.91,21.99
LH4001,LH301,2024-08-14,2.64,222,41,15,9.4,30.01
AC6001,AC500,2024-08-15,3.16,93,17,7,9.01,18.36
BA5001,BA400,2024-08-15,8.13,150,28,10,28.78,26.03
LH4001,LH301,2024-08-15,11.49,389,73,25,38.3,50.11
AF1001,AF181,2024-08-16,2.87,65,12,5,8.21,12.03
AF1003,AF182,2024-08-16,9.79,201,37,14,27.54,34.74
AF1004,AF180,2024-08-16,9.43,88,16,6,33.39,7.61
IB3001,IB200,2024-08-16,11.79,128,24,9,35.19,5.81
LH4001,LH300,2024-08-16,10.01,254,47,17,35.73,39.29
AF1001,AF181,2024-08-17,1.85,103,19,7,7.11,14.16
AF1004,AF180,2024-08-17,6.96,96,18,7,27.17,13.83
AC6001,AC500,2024-08-18,4.13,64,12,5,10.96,14.52
AF1004,AF180,2024-08-18,11.52,128,24,9,35.69,5.31
IB3001,IB201,2024-08-18,4.08,100,18,8,12.96,16.49
JL7001,JL600,2024-08-18,11.79,191,35,13,29.96,29.19
AC6001,AC500,2024-08-19,1.37,101,19,7,4.95,21.08
AF1002,AF180,2024-08-19,11.71,228,42,16,38.93,36.1
AF1004,AF182,2024-08-19,5.67,142,26,10,17.48,22.16
DL2002,DL101,2024-08-19,11.99,124,23,8,40.37,17.14
JL7001,JL600,2024-08-19,6.69,184,34,13,18.38,27.14
LH4001,LH300,2024-08-19,8.75,290,54,19,29.62,42.2
AF1001,AF180,2024-08-20,4.57,95,17,7,16.53,13.87
AF1003,AF182,2024-08-20,10.65,193,36,13,38.32,26.82
DL2002,DL101,2024-08-20,9.16,151,28,10,26.58,25.11
IB3001,IB201,2024-08-20,10.15,128,24,8,35.05,5.95
LH4001,LH300,2024-08-20,10.02,328,61,21,26.95,50.09
AF1002,AF182,2024-08-21,6.7,192,36,12,20.49,25.81
BA5001,BA400,2024-08-21,1.15,130,24,9,3.88,23.67
DL2001,DL101,2024-08-21,10.85,142,26,10,32.49,25.61
DL2002,DL100,2024-08-21,5.14,131,24,9,20.36,25.81
IB3001,IB200,2024-08-21,1.88,124,23,8,6.02,16.71
JL7001,JL600,2024-08-21,2.5,96,18,7,6.54,20.94
AC6001,AC500,2024-08-22,7.15,64,12,4,23.92,8.08
AF1002,AF182,2024-08-22,7.28,201,37,14,22.72,30.59
AF1003,AF181,2024-08-22,11.71,136,25,9,40.81,20.95
AF1004,AF180,2024-08-22,2.35,125,23,9,9.11,17.8
DL2001,DL100,2024-08-22,10.92,136,25,9,33.11,23.44
DL2001,DL100,2024-08-23,2.66,113,21,8,10.5,18.22
AC6001,AC500,2024-08-24,10.44,98,18,7,28.39,3.61
AF1002,AF180,2024-08-24,3.79,246,46,16,13.01,35.31
AF1003,AF181,2024-08-24,7.26,212,39,14,25.75,35.55
DL2002,DL100,2024-08-24,1.79,123,23,8,5.53,19.71
IB3001,IB200,2024-08-24,7.16,150,28,10,27.1,13.9
AF1001,AF182,2024-08-25,11.83,79,14,6,34.71,1.0
IB3001,IB201,2024-08-25,7.05,103,19,7,23.19,14.64
AF1001,AF180,2024-08-26,5.76,84,15,7,18.34,12.06
AF1002,AF180,2024-08-26,4.65,226,42,15,16.6,35.37
AC6001,AC500,2024-08-27,9.12,84,15,7,27.9,4.1
AF1004,AF182,2024-08-27,7.44,114,21,8,29.54,11.46
BA5001,BA400,2024-08-27,5.48,176,33,12,14.82,27.18
DL2002,DL101,2024-08-27,2.96,109,20,8,9.81,23.53
LH4001,LH300,2024-08-27,7.76,200,37,13,19.58,30.38
AC6001,AC500,2024-08-28,11.46,56,10,4,32.77,1.0
AF1003,AF180,2024-08-28,10.28,171,32,11,32.41,30.28
DL2002,DL101,2024-08-28,3.29,88,16,7,10.84,15.95
IB3001,IB200,2024-08-28,6.9,158,29,11,24.36,16.64
JL7001,JL600,2024-08-28,1.06,133,25,9,3.14,22.01
AF1002,AF182,2024-08-29,2.37,201,37,14,7.7,31.02
DL2002,DL101,2024-08-29,2.81,165,31,11,10.67,27.72
LH4001,LH300,2024-08-29,2.92,344,64,23,11.22,50.28
AC6001,AC500,2024-08-30,9.88,67,12,5,24.91,7.09
DL2001,DL100,2024-08-30,9.84,191,35,13,34.59,33.8
IB3001,IB200,2024-08-30,2.34,93,17,7,8.88,14.81
JL7001,JL600,2024-08-30,4.27,131,24,9,12.56,23.73
LH4001,LH300,2024-08-31,8.91,268,50,17,28.34,35.2
AF1001,AF181,2024-09-01,10.95,72,13,5,32.42,1.0
DL2001,DL100,2024-09-01,7.55,130,24,9,24.37,20.64
DL2002,DL100,2024-09-01,6.69,124,23,9,25.8,19.7
IB3001,IB200,2024-09-01,6.78,82,15,6,26.29,11.78
LH4001,LH301,2024-09-01,10.33,235,44,15,36.47,34.3
DL2001,DL101,2024-09-02,3.74,108,20,7,14.58,14.88
AF1003,AF180,2024-09-03,7.85,160,30,11,29.67,21.28
DL2001,DL101,2024-09-03,8.93,108,20,8,31.2,19.8
JL7001,JL600,2024-09-03,3.77,189,35,13,11.29,31.45
LH4001,LH300,2024-09-03,1.09,376,70,24,3.93,53.21
AC6001,AC500,2024-09-04,1.45,54,10,4,5.25,16.7
AF1002,AF182,2024-09-05,6.6,131,24,9,23.6,18.08
IB3001,IB201,2024-09-05,3.14,104,19,7,12.47,15.71
JL7001,JL600,2024-09-05,3.85,101,19,7,15.31,16.73
BA5001,BA400,2024-09-06,10.11,144,27,9,37.47,24.42
DL2001,DL101,2024-09-06,3.4,140,26,10,8.74,26.13
DL2002,DL101,2024-09-06,3.33,104,19,8,9.16,19.02
LH4001,LH300,2024-09-06,2.48,223,41,15,9.25,30.3
AF1003,AF180,2024-09-07,7.21,158,29,11,21.96,24.63
BA5001,BA400,2024-09-07,3.39,140,26,9,9.46,19.56
DL2002,DL100,2024-09-07,6.57,119,22,8,21.74,17.95
JL7001,JL600,2024-09-07,11.39,167,31,11,41.36,28.88
LH4001,LH301,2024-09-07,3.61,288,54,18,13.77,41.99
AF1002,AF180,2024-09-08,1.68,164,30,12,6.45,28.19
AF1003,AF182,2024-09-08,6.55,196,36,14,18.6,28.29
AF1004,AF180,2024-09-08,3.76,96,18,7,13.96,16.38
DL2001,DL101,2024-09-08,11.05,152,28,11,30.12,28.32
IB3001,IB200,2024-09-08,9.47,152,28,10,24.41,16.59
AF1004,AF180,2024-09-09,11.93,118,22,8,46.2,1.0
BA5001,BA400,2024-09-09,7.68,188,35,13,29.24,30.66
DL2002,DL100,2024-09-09,2.79,116,21,9,7.04,23.92
LH4001,LH300,2024-09-10,7.99,358,67,23,27.98,48.72
AF1002,AF182,2024-09-11,5.98,218,40,15,16.65,36.86
DL2001,DL100,2024-09-11,9.92,111,20,8,29.77,19.09
JL7001,JL600,2024-09-11,6.72,160,30,10,19.33,26.75
AF1002,AF181,2024-09-12,7.72,186,34,13,30.67,24.76
IB3001,IB200,2024-09-12,10.2,130,24,9,39.6,1.4
JL7001,JL600,2024-09-12,6.21,179,33,12,15.8,32.21
AF1004,AF181,2024-09-13,4.15,136,25,9,15.56,18.41
BA5001,BA400,2024-09-13,4.8,154,28,11,12.36,23.54
DL2001,DL101,2024-09-13,11.08,160,30,10,41.35,28.9
DL2002,DL101,2024-09-13,5.93,135,25,9,22.37,18.35
IB3001,IB201,2024-09-13,4.34,80,15,5,11.71,12.59
AF1001,AF181,2024-09-14,7.57,111,20,8,27.24,3.16
AF1004,AF181,2024-09-14,7.52,80,15,5,28.55,12.45
BA5001,BA400,2024-09-14,5.42,137,25,10,18.41,26.25
IB3001,IB200,2024-09-14,6.64,86,16,6,22.08,17.86
JL7001,JL600,2024-09-14,5.71,123,23,8,14.85,17.55
AF1002,AF181,2024-09-15,11.6,173,32,12,44.6,23.72
DL2001,DL101,2024-09-15,8.74,187,35,12,31.41,29.19
IB3001,IB201,2024-09-15,10.05,107,20,7,35.2,5.8
LH4001,LH300,2024-09-15,7.34,365,68,24,19.54,49.2
BA5001,BA400,2024-09-16,10.64,183,34,12,33.84,31.02
IB3001,IB201,2024-09-16,5.43,88,16,7,13.69,15.73
JL7001,JL600,2024-09-16,8.86,140,26,9,22.52,19.57
AF1002,AF181,2024-09-17,6.58,207,38,14,26.16,29.11
AF1003,AF180,2024-09-17,11.31,147,27,10,31.44,24.69
BA5001,BA400,2024-09-17,3.55,100,18,7,10.32,21.68
DL2001,DL101,2024-09-17,3.49,160,30,11,11.08,26.54
AC6001,AC500,2024-09-18,10.06,76,14,5,26.97,5.03
DL2001,DL100,2024-09-18,4.18,154,28,11,11.92,22.82
AF1001,AF182,2024-09-19,4.16,78,14,6,11.55,17.1
AF1004,AF181,2024-09-19,2.9,104,19,7,10.9,15.98
BA5001,BA400,2024-09-19,4.06,128,24,9,12.26,18.73
DL2001,DL101,2024-09-19,8.03,175,32,12,20.39,28.21
DL2002,DL100,2024-09-19,2.19,128,24,8,7.29,19.07
IB3001,IB201,2024-09-19,10.18,92,17,6,38.09,2.91
AC6001,AC500,2024-09-20,4.8,85,16,6,14.96,17.04
DL2002,DL100,2024-09-20,8.57,98,18,7,31.11,20.18
IB3001,IB200,2024-09-20,5.2,104,19,8,16.48,17.97
LH4001,LH301,2024-09-20,6.77,380,71,24,26.27,53.3
AF1004,AF180,2024-09-21,6.75,92,17,6,23.76,16.57
DL2002,DL101,2024-09-21,5.49,152,28,10,20.27,28.97
AF1001,AF180,2024-09-22,1.23,68,12,5,3.57,17.19
AF1004,AF180,2024-09-22,5.73,86,16,6,19.72,17.96
IB3001,IB201,2024-09-22,7.43,116,21,9,28.01,12.99
AF1001,AF182,2024-09-23,4.22,116,21,9,16.73,13.67
AF1003,AF180,2024-09-23,8.59,211,39,14,24.87,32.27
LH4001,LH300,2024-09-23,7.26,247,46,16,19.17,35.83
AF1001,AF181,2024-09-24,8.92,80,15,6,29.33,1.07
AF1003,AF180,2024-09-24,9.17,131,24,9,27.99,20.69
AF1004,AF181,2024-09-24,5.64,82,15,6,20.84,18.74
AF1001,AF180,2024-09-25,7.02,104,19,7,26.56,3.84
AF1003,AF180,2024-09-25,2.7,155,29,10,7.0,24.72
AF1004,AF180,2024-09-25,7.19,112,21,8,23.73,16.85
DL2001,DL100,2024-09-25,9.21,100,18,7,27.33,17.19
LH4001,LH301,2024-09-25,2.92,332,62,22,8.95,44.25
AF1003,AF182,2024-09-26,2.72,217,40,15,10.56,36.54
BA5001,BA400,2024-09-26,1.7,112,21,8,5.05,20.85
AF1002,AF180,2024-09-27,9.11,145,27,10,32.38,20.63
AF1004,AF180,2024-09-27,11.94,127,23,9,32.21,8.79
DL2001,DL101,2024-09-27,9.03,176,33,11,26.86,28.07
DL2002,DL100,2024-09-27,7.3,104,19,7,24.74,22.29
IB3001,IB201,2024-09-27,10.23,138,25,10,28.81,12.19
JL7001,JL600,2024-09-27,11.21,156,29,11,42.06,28.84
AF1001,AF180,2024-09-28,3.76,60,11,5,12.85,17.2
AF1004,AF181,2024-09-28,7.89,98,18,7,24.13,15.76
BA5001,BA400,2024-09-28,7.52,182,34,12,25.16,29.48
JL7001,JL600,2024-09-28,3.44,188,35,13,10.14,28.45
AF1003,AF180,2024-09-29,8.46,130,24,9,28.47,17.67
AF1004,AF180,2024-09-29,11.91,113,21,8,29.81,11.19
LH4001,LH300,2024-09-29,11.96,392,73,25,31.14,53.17
AF1002,AF180,2024-09-30,5.54,247,46,16,20.86,35.55
JL7001,JL600,2024-09-30,5.84,140,26,10,19.74,20.47
AF1002,AF182,2024-10-01,5.88,190,35,13,20.01,30.48
AF1004,AF181,2024-10-01,11.66,98,18,7,33.51,7.49
BA5001,BA400,2024-10-01,11.7,165,31,11,41.73,30.13
JL7001,JL600,2024-10-01,7.9,152,28,11,22.47,27.73
AF1002,AF181,2024-10-02,2.88,207,38,14,11.25,29.5
DL2002,DL101,2024-10-02,7.2,130,24,9,20.31,24.69
IB3001,IB201,2024-10-02,6.4,156,29,11,25.46,15.54
LH4001,LH300,2024-10-02,8.13,360,67,24,24.23,50.28
AF1001,AF180,2024-10-03,11.49,62,11,5,36.95,1.0
DL2001,DL101,2024-10-03,4.25,100,18,8,15.28,19.67
AF1002,AF181,2024-10-04,8.74,196,36,13,31.08,28.58
AF1003,AF182,2024-10-04,11.82,152,28,11,45.5,21.48
AC6001,AC500,2024-10-05,4.11,69,13,5,11.17,17.32
AF1001,AF182,2024-10-05,9.62,107,20,7,25.66,4.74
AF1004,AF181,2024-10-05,3.66,82,15,6,9.97,11.55
DL2001,DL100,2024-10-05,1.1,178,33,12,4.11,27.46
IB3001,IB201,2024-10-05,7.35,136,25,10,26.47,14.53
AC6001,AC500,2024-10-06,11.59,79,14,6,44.6,1.0
IB3001,IB201,2024-10-06,4.7,84,15,7,11.76,18.0
LH4001,LH301,2024-10-06,6.43,362,67,24,25.08,54.74
AC6001,AC500,2024-10-07,3.22,52,9,4,10.27,11.63
AF1003,AF181,2024-10-07,7.34,162,30,11,18.77,27.04
DL2002,DL101,2024-10-07,4.99,157,29,11,17.97,28.76
AC6001,AC500,2024-10-08,8.75,84,15,7,25.93,6.07
AF1001,AF180,2024-10-08,1.34,74,13,6,4.19,18.23
DL2001,DL100,2024-10-08,11.38,114,21,8,34.93,18.47
DL2002,DL100,2024-10-08,9.23,124,23,8,35.1,23.32
IB3001,IB201,2024-10-08,6.76,106,19,8,25.51,15.49
JL7001,JL600,2024-10-08,2.01,130,24,9,6.77,20.56
AF1002,AF181,2024-10-09,2.74,213,40,14,10.66,28.47
BA5001,BA400,2024-10-09,10.64,120,22,9,40.43,23.89
IB3001,IB201,2024-10-09,1.09,130,24,9,4.31,23.56
JL7001,JL600,2024-10-09,1.0,152,28,10,2.72,20.93
LH4001,LH300,2024-10-09,5.21,255,47,17,16.13,35.37
AC6001,AC500,2024-10-10,1.48,84,15,6,4.05,16.61
AF1004,AF180,2024-10-10,1.3,112,21,8,3.7,19.9
JL7001,JL600,2024-10-10,2.85,140,26,10,10.72,27.08
AC6001,AC500,2024-10-11,5.65,78,14,6,18.58,13.42
AF1001,AF180,2024-10-11,1.37,94,17,7,4.99,15.07
AF1003,AF181,2024-10-11,10.93,178,33,12,27.65,25.05
AF1004,AF180,2024-10-11,10.71,116,21,8,35.97,5.03
IB3001,IB200,2024-10-11,11.73,92,17,7,33.42,7.58
AC6001,AC500,2024-10-12,10.15,100,18,8,40.04,1.0
AF1002,AF180,2024-10-12,4.57,150,28,10,15.04,24.9
IB3001,IB201,2024-10-12,5.99,140,26,10,20.43,20.57
LH4001,LH301,2024-10-12,9.34,248,46,16,31.49,40.88
DL2001,DL100,2024-10-13,1.16,128,24,8,4.11,24.04
LH4001,LH301,2024-10-13,5.21,262,49,17,20.23,39.39
AC6001,AC500,2024-10-14,5.99,103,19,7,16.95,15.05
AF1001,AF180,2024-10-14,2.72,100,18,7,8.94,18.46
AF1004,AF181,2024-10-14,2.82,140,26,9,7.61,22.65
DL2002,DL101,2024-10-15,2.41,115,21,8,9.23,23.01
IB3001,IB200,2024-10-15,1.09,133,25,9,3.87,22.55
AF1003,AF182,2024-10-16,3.18,166,31,11,10.62,26.36
IB3001,IB200,2024-10-16,3.99,118,22,8,13.15,20.69
LH4001,LH301,2024-10-16,1.49,266,49,18,4.84,39.14
IB3001,IB201,2024-10-17,8.36,104,19,8,32.62,8.38
LH4001,LH301,2024-10-17,1.47,376,70,24,4.49,49.68
AC6001,AC500,2024-10-18,1.19,90,16,7,3.77,12.85
AF1001,AF180,2024-10-18,6.89,92,17,7,19.06,11.34
AF1002,AF180,2024-10-18,10.21,244,45,16,34.47,33.76
DL2002,DL100,2024-10-18,9.07,135,25,9,24.07,22.89
JL7001,JL600,2024-10-18,10.21,168,31,12,28.43,29.0
LH4001,LH301,2024-10-18,10.94,313,58,21,28.17,42.54
DL2001,DL101,2024-10-19,9.57,172,32,11,31.97,25.28
DL2002,DL100,2024-10-19,5.16,115,21,8,19.77,23.01
IB3001,IB201,2024-10-19,3.79,83,15,6,11.43,14.51
JL7001,JL600,2024-10-19,2.86,187,35,12,10.54,30.78
AF1001,AF182,2024-10-20,7.47,97,18,7,19.48,10.92
BA5001,BA400,2024-10-20,3.23,104,19,7,11.79,15.49
AC6001,AC500,2024-10-21,11.47,102,19,7,39.2,1.0
AF1001,AF180,2024-10-21,9.67,112,21,8,30.52,1.0
AF1002,AF181,2024-10-21,9.47,240,45,15,25.73,32.56
AF1004,AF181,2024-10-21,11.32,100,18,8,40.2,1.0
IB3001,IB200,2024-10-21,7.6,155,29,10,26.82,14.18
LH4001,LH300,2024-10-21,5.58,268,50,18,14.23,35.11
AF1002,AF180,2024-10-22,4.33,240,45,15,17.14,33.9
AF1004,AF180,2024-10-22,4.0,154,28,11,14.39,26.61
DL2002,DL101,2024-10-22,9.08,146,27,10,35.05,22.65
AF1002,AF181,2024-10-23,3.52,248,46,16,12.14,33.66
BA5001,BA400,2024-10-23,7.25,141,26,10,28.03,24.87
DL2001,DL100,2024-10-23,4.76,115,21,8,15.11,17.59
AF1001,AF181,2024-10-24,2.62,85,16,6,8.09,18.97
AF1003,AF181,2024-10-24,5.22,157,29,11,20.71,27.73
BA5001,BA400,2024-10-24,2.08,140,26,10,7.11,23.55
AF1003,AF180,2024-10-25,1.48,133,25,9,5.24,23.39
AF1004,AF180,2024-10-25,2.18,151,28,10,6.45,20.08
LH4001,LH300,2024-10-25,1.56,326,61,21,5.47,47.99
IB3001,IB200,2024-10-26,2.09,112,21,7,6.59,15.09
JL7001,JL600,2024-10-26,4.31,160,30,10,11.9,22.13
AF1003,AF182,2024-10-27,1.29,158,29,11,4.17,25.61
AF1004,AF181,2024-10-27,11.62,114,21,8,34.83,6.17
DL2002,DL101,2024-10-27,4.44,124,23,8,14.71,19.06
IB3001,IB201,2024-10-27,5.53,98,18,7,21.61,19.39
JL7001,JL600,2024-10-27,3.23,164,30,11,8.35,23.1
AF1001,AF181,2024-10-28,9.82,99,18,7,33.71,1.0
AF1002,AF182,2024-10-28,9.53,173,32,12,29.02,26.31
AF1003,AF181,2024-10-28,4.88,175,32,12,15.74,25.04
BA5001,BA400,2024-10-28,5.15,104,19,8,19.32,16.46
AF1003,AF180,2024-10-29,3.71,234,43,16,11.62,36.73
DL2001,DL101,2024-10-29,2.44,149,28,10,6.97,23.77
LH4001,LH300,2024-10-29,11.35,387,72,25,31.27,55.23
BA5001,BA400,2024-10-30,9.07,116,21,8,26.72,20.5
IB3001,IB200,2024-10-30,1.99,93,17,7,6.17,15.85
JL7001,JL600,2024-10-30,6.91,136,25,10,25.49,20.89
LH4001,LH301,2024-10-30,2.14,396,74,26,7.36,56.93
AF1001,AF181,2024-10-31,11.77,85,16,6,34.61,1.0
DL2002,DL101,2024-10-31,9.52,127,23,9,30.03,19.94
IB3001,IB201,2024-10-31,7.63,93,17,7,20.75,20.34
BA5001,BA400,2024-11-01,5.79,164,30,12,19.63,24.39
AF1003,AF182,2024-11-02,1.92,230,43,15,7.53,31.94
BA5001,BA400,2024-11-02,11.64,120,22,8,33.6,16.91
DL2001,DL101,2024-11-02,1.7,137,25,10,5.82,18.39
DL2002,DL101,2024-11-02,9.64,156,29,10,24.95,28.63
LH4001,LH301,2024-11-02,2.09,305,57,20,7.02,40.39
BA5001,BA400,2024-11-03,2.33,153,28,11,6.79,22.75
DL2001,DL100,2024-11-03,3.28,160,30,11,12.75,25.8
DL2002,DL100,2024-11-03,4.89,105,19,8,14.08,18.28
AF1001,AF181,2024-11-04,10.16,67,12,5,28.74,1.66
DL2002,DL100,2024-11-04,10.34,152,28,10,31.06,28.07
JL7001,JL600,2024-11-04,1.54,96,18,7,4.68,20.72
BA5001,BA400,2024-11-05,3.24,96,18,7,11.16,19.36
AC6001,AC500,2024-11-06,9.71,70,13,5,31.01,1.0
AF1004,AF180,2024-11-06,1.1,101,19,7,4.18,20.02
IB3001,IB200,2024-11-06,5.57,154,28,11,17.92,23.08
JL7001,JL600,2024-11-06,5.75,105,19,8,22.83,20.63
LH4001,LH301,2024-11-06,5.57,397,74,26,22.05,51.84
AC6001,AC500,2024-11-07,3.81,81,15,6,9.74,17.86
AF1001,AF181,2024-11-07,8.21,60,11,5,28.09,2.31
DL2001,DL100,2024-11-07,11.76,168,31,11,44.31,29.92
JL7001,JL600,2024-11-07,1.69,147,27,10,6.04,20.06
AC6001,AC500,2024-11-08,1.83,78,14,6,5.55,12.34
BA5001,BA400,2024-11-08,7.57,104,19,7,24.15,22.63
LH4001,LH300,2024-11-08,2.0,287,53,19,5.38,38.18
AF1001,AF182,2024-11-09,7.86,84,15,6,26.65,3.75
AF1004,AF182,2024-11-09,9.98,92,17,7,25.92,15.08
BA5001,BA400,2024-11-09,4.57,172,32,12,14.31,26.13
DL2001,DL101,2024-11-09,6.94,115,21,8,19.59,22.58
IB3001,IB200,2024-11-10,10.75,158,29,11,34.47,6.53
LH4001,LH300,2024-11-10,9.29,283,53,18,29.1,36.91
AF1003,AF182,2024-11-11,8.45,201,37,14,21.54,26.68
DL2001,DL100,2024-11-11,4.35,134,25,9,11.39,18.41
DL2002,DL101,2024-11-11,7.53,148,27,10,21.38,20.65
AF1003,AF181,2024-11-12,10.22,237,44,16,34.18,36.94
IB3001,IB201,2024-11-12,5.12,108,20,7,19.99,18.88
JL7001,JL600,2024-11-12,11.8,151,28,10,35.47,21.02
AC6001,AC500,2024-11-13,10.92,80,15,6,34.9,1.0
BA5001,BA400,2024-11-13,3.04,186,34,13,9.05,30.5
AF1002,AF181,2024-11-14,7.09,132,24,9,20.01,17.81
BA5001,BA400,2024-11-14,4.53,172,32,11,12.42,25.15
DL2001,DL100,2024-11-14,8.48,139,26,9,28.14,25.68
JL7001,JL600,2024-11-14,11.72,110,20,8,29.48,17.05
AF1001,AF181,2024-11-15,9.87,99,18,7,26.18,4.22
AF1004,AF182,2024-11-15,7.66,116,21,9,21.94,19.06
DL2001,DL100,2024-11-15,7.28,179,33,12,28.66,24.05
DL2002,DL100,2024-11-15,10.79,151,28,10,42.55,21.72
IB3001,IB200,2024-11-15,5.88,128,24,9,18.64,21.01
AC6001,AC500,2024-11-16,5.07,92,17,6,18.4,13.6
AF1002,AF180,2024-11-16,2.3,136,25,9,6.99,23.06
BA5001,BA400,2024-11-16,7.33,160,30,10,24.72,23.76
DL2001,DL100,2024-11-16,8.77,183,34,12,34.15,25.81
IB3001,IB201,2024-11-16,6.21,158,29,11,21.26,19.74
JL7001,JL600,2024-11-16,11.32,130,24,9,39.31,20.81
LH4001,LH300,2024-11-16,4.95,243,45,16,16.26,35.82
DL2001,DL101,2024-11-17,11.57,199,37,13,38.58,33.13
IB3001,IB200,2024-11-17,5.02,84,15,6,18.08,19.41
AF1001,AF181,2024-11-18,1.1,60,11,5,3.7,10.42
BA5001,BA400,2024-11-18,1.15,161,30,11,3.39,26.56
LH4001,LH300,2024-11-18,3.41,383,71,25,8.92,54.85
AF1002,AF182,2024-11-19,3.72,244,45,17,13.51,38.19
AF1004,AF180,2024-11-19,11.36,133,25,9,44.36,1.0
BA5001,BA400,2024-11-19,8.85,119,22,8,33.25,22.62
DL2001,DL100,2024-11-19,4.84,197,37,13,16.16,26.92
AF1003,AF181,2024-11-21,7.29,228,42,16,22.24,35.82
AF1004,AF182,2024-11-21,6.71,128,24,9,24.33,16.67
DL2001,DL100,2024-11-21,3.01,155,29,10,10.34,20.61
DL2002,DL100,2024-11-21,3.2,134,25,9,8.86,24.67
IB3001,IB200,2024-11-21,5.25,100,18,8,14.28,20.19
AF1002,AF182,2024-11-22,9.85,225,42,15,26.5,36.61
AF1004,AF182,2024-11-22,9.28,159,29,11,33.18,7.82
AF1004,AF181,2024-11-23,11.63,132,24,9,36.99,4.01
LH4001,LH300,2024-11-23,9.47,208,39,14,29.59,29.77
AC6001,AC500,2024-11-24,7.2,98,18,7,23.64,8.36
DL2001,DL100,2024-11-24,2.48,159,29,11,8.02,29.42
LH4001,LH300,2024-11-24,7.78,392,73,26,26.4,51.48
AF1003,AF181,2024-11-25,4.73,220,41,15,14.44,35.76
BA5001,BA400,2024-11-25,3.5,145,27,10,12.95,26.31
DL2001,DL100,2024-11-25,11.65,180,33,12,38.8,30.16
DL2002,DL100,2024-11-25,6.7,124,23,9,24.71,21.06
LH4001,LH301,2024-11-25,3.59,322,60,21,13.59,42.51
AC6001,AC500,2024-11-26,3.26,98,18,7,11.34,18.2
AF1001,AF182,2024-11-26,2.52,93,17,7,6.36,19.23
AF1002,AF182,2024-11-26,1.58,156,29,10,4.22,26.37
BA5001,BA400,2024-11-26,7.92,182,34,12,26.48,26.33
DL2002,DL101,2024-11-26,10.28,91,17,6,39.57,20.8
IB3001,IB200,2024-11-26,1.97,118,22,8,6.09,18.14
AF1001,AF182,2024-11-27,4.51,86,16,6,13.59,16.81
AF1003,AF180,2024-11-27,7.06,128,24,8,25.8,18.44
AF1004,AF180,2024-11-27,3.1,140,26,10,10.29,25.33
BA5001,BA400,2024-11-27,8.92,156,29,11,29.07,21.25
JL7001,JL600,2024-11-27,1.67,142,26,10,6.23,18.99
AC6001,AC500,2024-11-28,2.15,67,12,5,7.1,16.59
AF1003,AF182,2024-11-29,7.35,223,41,15,26.64,29.49
AF1004,AF181,2024-11-29,10.32,94,17,7,39.6,1.4
AF1002,AF180,2024-11-30,1.28,204,38,13,3.52,32.09
AF1003,AF182,2024-11-30,8.32,136,25,9,28.39,19.02
DL2002,DL100,2024-11-30,2.4,140,26,9,7.63,23.75
AC6001,AC500,2024-12-01,2.51,89,16,7,9.75,19.59
JL7001,JL600,2024-12-01,9.73,156,29,10,30.81,24.88
DL2002,DL100,2024-12-02,6.64,152,28,11,18.33,24.51
LH4001,LH300,2024-12-02,4.73,200,37,13,13.96,30.08
AF1003,AF181,2024-12-03,7.55,238,44,16,25.67,35.94
AF1004,AF180,2024-12-03,1.58,155,29,10,5.22,27.94
JL7001,JL600,2024-12-03,8.29,110,20,8,27.75,20.03
AF1001,AF181,2024-12-04,7.06,63,11,5,22.61,7.79
DL2002,DL100,2024-12-04,3.59,136,25,10,13.64,23.65
AC6001,AC500,2024-12-05,10.05,65,12,5,29.24,2.76
AF1001,AF182,2024-12-05,2.43,92,17,7,8.33,19.01
BA5001,BA400,2024-12-05,10.75,176,33,12,30.75,23.85
IB3001,IB201,2024-12-05,4.22,123,23,8,14.6,17.26
LH4001,LH300,2024-12-05,8.86,336,63,22,35.2,50.8
JL7001,JL600,2024-12-06,3.96,192,36,12,15.3,29.95
AC6001,AC500,2024-12-07,7.54,86,16,6,27.06,4.94
AF1001,AF180,2024-12-07,7.07,72,13,6,25.21,5.19
AF1003,AF180,2024-12-07,6.81,227,42,15,20.86,36.09
BA5001,BA400,2024-12-07,2.65,134,25,9,7.74,23.62
IB3001,IB200,2024-12-07,6.78,117,22,8,21.55,19.45
AC6001,AC500,2024-12-08,2.25,73,13,6,6.39,15.57
BA5001,BA400,2024-12-08,3.56,116,21,8,9.92,17.5
IB3001,IB200,2024-12-08,3.03,120,22,8,8.01,17.64
AF1001,AF182,2024-12-09,7.57,80,15,5,24.1,6.3
IB3001,IB200,2024-12-09,6.6,121,22,9,24.8,16.2
LH4001,LH300,2024-12-09,5.24,280,52,18,13.54,41.7
AC6001,AC500,2024-12-10,1.04,91,17,6,3.11,15.87
AF1004,AF180,2024-12-10,9.63,102,19,7,31.12,9.88
DL2002,DL100,2024-12-10,7.28,122,22,9,18.52,20.14
AF1001,AF180,2024-12-11,10.29,68,12,6,28.06,2.34
BA5001,BA400,2024-12-11,9.06,189,35,13,36.22,26.38
DL2001,DL100,2024-12-11,1.36,177,33,12,3.96,25.34
AC6001,AC500,2024-12-12,6.16,97,18,7,20.17,11.83
AF1001,AF182,2024-12-12,10.34,68,12,5,25.86,4.54
AF1002,AF181,2024-12-12,9.16,142,26,10,25.23,18.96
AF1003,AF180,2024-12-13,9.67,196,36,13,28.94,28.5
DL2001,DL101,2024-12-13,7.88,169,31,12,22.85,25.06
IB3001,IB200,2024-12-13,8.71,90,16,7,34.09,6.91
AF1001,AF181,2024-12-14,5.04,102,19,7,12.79,16.35
BA5001,BA400,2024-12-14,7.05,148,27,11,18.83,19.73
LH4001,LH300,2024-12-14,11.27,252,47,16,39.05,38.51
DL2002,DL100,2024-12-15,6.87,130,24,9,24.41,25.89
AC6001,AC500,2024-12-16,5.83,72,13,5,15.96,16.04
AF1003,AF180,2024-12-16,9.45,133,25,9,28.54,19.33
DL2001,DL101,2024-12-16,8.41,169,31,12,25.77,25.89
IB3001,IB200,2024-12-16,1.47,80,15,6,4.38,13.98
AF1002,AF180,2024-12-17,10.92,166,31,11,35.95,24.11
AF1003,AF180,2024-12-17,5.98,121,22,9,16.22,18.0
JL7001,JL600,2024-12-18,7.83,158,29,11,26.14,27.45
AC6001,AC500,2024-12-19,9.07,100,18,7,26.49,5.51
AF1004,AF181,2024-12-19,7.94,108,20,8,28.06,12.94
BA5001,BA400,2024-12-19,11.24,164,30,12,29.91,28.14
DL2001,DL100,2024-12-19,5.16,125,23,9,16.34,24.75
JL7001,JL600,2024-12-19,2.61,112,21,8,6.76,15.69
AC6001,AC500,2024-12-20,2.32,88,16,7,6.31,21.0
AF1001,AF180,2024-12-20,7.97,109,20,8,25.67,4.73
AF1002,AF180,2024-12-20,6.61,160,30,11,18.0,21.48
DL2002,DL101,2024-12-20,8.04,167,31,11,24.68,26.88
AF1003,AF182,2024-12-21,9.19,218,40,15,25.63,30.16
AF1004,AF182,2024-12-21,5.4,136,25,10,18.07,21.22
DL2002,DL101,2024-12-21,2.47,120,22,8,7.67,19.09
IB3001,IB200,2024-12-21,5.76,140,26,9,16.92,21.75
LH4001,LH300,2024-12-21,1.67,308,57,20,5.06,40.3
AF1002,AF180,2024-12-22,6.21,212,39,15,16.26,30.23
AF1003,AF181,2024-12-22,8.93,148,27,11,29.15,22.64
DL2001,DL100,2024-12-22,10.74,152,28,11,37.38,20.16
IB3001,IB200,2024-12-22,10.87,88,16,6,40.66,1.0
JL7001,JL600,2024-12-22,9.43,121,22,9,24.12,19.24
AC6001,AC500,2024-12-23,9.92,74,13,6,38.36,1.0
AF1001,AF180,2024-12-23,2.27,72,13,6,7.28,10.11
AF1003,AF182,2024-12-23,6.12,144,27,9,24.0,21.8
AF1004,AF181,2024-12-23,1.53,104,19,7,5.42,22.41
BA5001,BA400,2024-12-23,6.77,152,28,11,19.11,22.34
DL2001,DL100,2024-12-23,11.89,179,33,12,33.44,29.0
JL7001,JL600,2024-12-23,1.66,138,25,10,5.19,24.78
LH4001,LH301,2024-12-23,7.88,353,66,23,21.88,47.13
AF1001,AF181,2024-12-24,6.26,99,18,7,18.57,11.83
AF1003,AF180,2024-12-24,7.6,226,42,15,25.84,37.94
BA5001,BA400,2024-12-24,1.43,160,30,10,4.56,22.64
IB3001,IB200,2024-12-24,8.21,100,18,7,22.0,19.0
AF1001,AF181,2024-12-25,8.43,96,18,7,31.97,1.0
AF1003,AF182,2024-12-25,5.2,146,27,10,13.0,27.34
DL2001,DL101,2024-12-25,10.75,174,32,12,29.32,24.71
LH4001,LH301,2024-12-25,11.22,268,50,18,31.18,38.4
AF1001,AF181,2024-12-26,7.46,62,11,5,21.42,8.98
AF1002,AF180,2024-12-26,3.92,140,26,9,10.13,19.9
IB3001,IB200,2024-12-26,9.07,104,19,8,30.11,10.89
JL7001,JL600,2024-12-26,5.48,166,31,11,15.55,30.27
LH4001,LH301,2024-12-26,6.45,308,57,21,25.68,42.23
AF1003,AF180,2024-12-27,7.02,235,44,15,17.7,37.84
DL2002,DL100,2024-12-27,8.26,156,29,11,32.63,26.33
AF1003,AF180,2024-12-28,3.36,134,25,9,10.97,19.29
BA5001,BA400,2024-12-28,1.07,184,34,13,4.05,25.13
JL7001,JL600,2024-12-28,2.9,96,18,7,9.58,16.89
LH4001,LH300,2024-12-28,3.9,336,63,21,14.67,48.71
AF1002,AF182,2024-12-29,10.35,190,35,13,33.56,25.93
AF1003,AF180,2024-12-29,10.1,223,41,15,38.3,37.41
AC6001,AC500,2024-12-30,6.18,82,15,6,22.05,9.95
AF1002,AF181,2024-12-30,8.1,244,45,17,31.29,31.98
AF1003,AF181,2024-12-30,1.46,196,36,14,3.92,32.77
AF1004,AF180,2024-12-30,11.05,142,26,10,43.69,1.0
JL7001,JL600,2024-12-30,9.24,151,28,10,35.49,23.44
AF1002,AF180,2024-12-31,4.55,162,30,11,12.92,28.53
DL2002,DL100,2024-12-31,1.18,115,21,8,3.3,20.71
AF1001,AF181,2025-01-01,9.93,104,19,7,25.02,5.38
AF1004,AF181,2025-01-01,2.36,159,29,11,8.02,29.57
BA5001,BA400,2025-01-01,8.48,164,30,12,29.25,22.31
DL2002,DL101,2025-01-02,9.49,143,26,10,30.07,22.37
IB3001,IB201,2025-01-02,3.09,88,16,6,12.09,12.25
AF1004,AF182,2025-01-03,3.72,141,26,10,14.34,25.32
JL7001,JL600,2025-01-03,8.57,108,20,8,32.02,22.02
AF1001,AF180,2025-01-05,7.36,85,16,6,18.6,11.8
AF1002,AF180,2025-01-05,4.28,230,43,15,15.34,35.06
AF1003,AF181,2025-01-05,3.81,129,24,9,10.34,21.76
AF1004,AF180,2025-01-05,3.51,126,23,9,11.33,19.31
BA5001,BA400,2025-01-05,2.71,156,29,11,10.6,26.54
DL2001,DL101,2025-01-05,4.6,128,24,8,14.47,23.1
DL2002,DL100,2025-01-05,5.69,129,24,9,21.51,24.44
LH4001,LH300,2025-01-05,9.93,266,49,18,33.89,36.65
AC6001,AC500,2025-01-06,2.42,52,9,5,8.5,10.2
AF1001,AF181,2025-01-06,10.0,99,18,7,28.88,1.52
BA5001,BA400,2025-01-06,1.13,116,21,8,3.62,22.86
DL2002,DL101,2025-01-06,9.74,156,29,11,28.9,24.47
AC6001,AC500,2025-01-07,6.24,84,15,6,21.69,10.31
AF1003,AF180,2025-01-07,6.66,182,34,12,21.98,31.77
JL7001,JL600,2025-01-07,2.42,189,35,13,8.64,24.85
AF1003,AF182,2025-01-08,10.98,233,43,16,36.67,30.8
BA5001,BA400,2025-01-08,3.37,188,35,12,12.51,30.9
JL7001,JL600,2025-01-08,6.53,103,19,7,21.8,18.45
LH4001,LH300,2025-01-08,11.79,392,73,26,39.49,56.95
AC6001,AC500,2025-01-09,10.52,54,10,4,31.93,1.0
AF1004,AF180,2025-01-09,3.02,128,24,9,11.57,22.19
BA5001,BA400,2025-01-09,2.38,168,31,12,8.69,26.85
AC6001,AC500,2025-01-10,4.86,57,10,5,13.63,11.37
AF1002,AF180,2025-01-10,8.08,137,25,10,22.72,22.25
AF1003,AF182,2025-01-10,6.01,142,26,10,17.84,23.66
DL2002,DL100,2025-01-10,4.94,85,16,6,16.86,17.38
AF1004,AF181,2025-01-11,11.36,141,26,10,35.28,5.72
DL2001,DL100,2025-01-11,1.3,172,32,11,3.54,24.98
LH4001,LH301,2025-01-11,7.63,365,68,24,19.65,48.84
AF1003,AF182,2025-01-12,8.71,137,25,10,26.51,23.69
AF1003,AF181,2025-01-13,11.16,164,30,11,33.7,26.94
BA5001,BA400,2025-01-13,11.98,187,35,12,33.37,28.65
DL2001,DL100,2025-01-13,9.99,194,36,13,26.46,29.91
DL2002,DL100,2025-01-13,3.32,137,25,10,9.42,24.24
IB3001,IB200,2025-01-13,10.61,80,15,6,33.35,7.65
AF1002,AF180,2025-01-14,8.23,205,38,14,23.71,27.33
IB3001,IB200,2025-01-14,2.34,84,15,6,5.93,16.73
AC6001,AC500,2025-01-15,3.67,94,17,7,13.0,19.0
AF1002,AF180,2025-01-15,2.58,232,43,15,9.4,31.9
AF1003,AF181,2025-01-15,6.05,200,37,13,17.57,34.82
AF1004,AF180,2025-01-15,6.62,108,20,7,23.44,17.93
DL2002,DL101,2025-01-15,7.56,89,16,7,21.36,17.14
JL7001,JL600,2025-01-16,8.12,119,22,8,27.94,18.59
AC6001,AC500,2025-01-17,8.66,89,16,7,28.77,3.23
JL7001,JL600,2025-01-17,4.12,132,24,9,16.19,21.67
DL2001,DL100,2025-01-18,6.02,160,30,10,18.4,23.27
JL7001,JL600,2025-01-18,11.89,134,25,9,30.97,19.73
AF1001,AF181,2025-01-19,7.93,102,19,7,24.14,6.26
AF1003,AF181,2025-01-19,9.48,144,27,9,33.77,22.24
AF1004,AF182,2025-01-19,6.52,96,18,6,19.18,21.65
DL2001,DL100,2025-01-19,7.58,194,36,13,22.47,30.71
DL2002,DL101,2025-01-19,9.24,155,29,10,33.62,21.44
AF1003,AF181,2025-01-20,10.24,188,35,12,31.58,32.15
DL2002,DL100,2025-01-20,2.87,153,28,11,9.09,25.16
AC6001,AC500,2025-01-21,8.18,92,17,7,28.57,3.43
AF1004,AF182,2025-01-21,1.48,93,17,7,5.68,19.15
BA5001,BA400,2025-01-21,4.99,169,31,12,13.66,31.09
LH4001,LH301,2025-01-21,1.4,213,40,14,3.72,33.02
AF1001,AF182,2025-01-22,10.84,74,13,6,27.38,3.02
DL2001,DL101,2025-01-22,2.82,168,31,11,7.61,23.47
LH4001,LH301,2025-01-22,2.73,353,66,23,6.95,53.85
AF1002,AF182,2025-01-23,10.33,197,37,13,33.82,30.55
DL2001,DL101,2025-01-23,9.83,122,22,9,27.13,18.64
DL2002,DL100,2025-01-23,3.06,152,28,10,11.7,22.18
JL7001,JL600,2025-01-23,4.3,108,20,7,14.31,16.59
BA5001,BA400,2025-01-24,4.82,144,27,10,17.61,23.32
DL2001,DL100,2025-01-24,5.65,168,31,11,22.39,22.99
DL2002,DL101,2025-01-24,1.89,113,21,8,5.18,16.25
AF1003,AF181,2025-01-25,1.61,188,35,12,5.63,30.59
AF1004,AF181,2025-01-25,11.57,124,23,9,37.54,3.46
BA5001,BA400,2025-01-25,5.09,112,21,7,14.59,18.88
DL2002,DL101,2025-01-25,5.57,162,30,11,21.7,28.87
JL7001,JL600,2025-01-25,9.62,111,20,8,30.56,16.64
AC6001,AC500,2025-01-26,4.2,74,13,6,16.48,13.17
AF1002,AF181,2025-01-26,3.83,188,35,13,13.17,24.96
DL2002,DL100,2025-01-26,5.01,166,31,11,16.62,22.46
IB3001,IB200,2025-01-26,7.74,130,24,9,22.45,18.55
JL7001,JL600,2025-01-26,11.91,144,27,10,41.3,26.42
LH4001,LH300,2025-01-26,1.84,379,71,24,6.85,51.87
LH4001,LH301,2025-01-27,2.75,279,52,18,6.89,36.49
AF1002,AF182,2025-01-28,6.79,136,25,10,17.82,24.18
AF1004,AF181,2025-01-28,9.36,108,20,8,37.26,3.74
BA5001,BA400,2025-01-28,5.04,184,34,12,13.39,25.68
DL2001,DL100,2025-01-28,4.78,131,24,9,12.29,24.97
DL2002,DL100,2025-01-28,6.56,164,30,12,26.12,28.31
IB3001,IB200,2025-01-28,5.04,124,23,8,13.05,23.74
JL7001,JL600,2025-01-28,10.7,148,27,11,30.54,24.53
AC6001,AC500,2025-01-29,4.4,93,17,7,11.69,16.04
AF1001,AF182,2025-01-29,4.6,93,17,7,17.84,12.56
BA5001,BA400,2025-01-29,9.65,150,28,10,32.41,27.78
DL2002,DL100,2025-01-29,3.26,152,28,10,10.3,21.93
AC6001,AC500,2025-01-31,3.63,64,12,5,11.22,16.72
AF1001,AF182,2025-01-31,1.18,109,20,8,3.78,15.43
AF1002,AF182,2025-01-31,3.33,188,35,13,9.0,28.41
DL2001,DL101,2025-01-31,3.12,108,20,8,11.29,19.92
IB3001,IB200,2025-01-31,3.21,104,19,8,8.1,15.7
AC6001,AC500,2025-02-01,9.6,59,11,4,34.75,1.0
AF1002,AF182,2025-02-01,11.34,154,28,11,34.62,27.43
DL2002,DL100,2025-02-01,4.36,96,18,6,14.42,20.19
LH4001,LH300,2025-02-01,6.27,281,52,19,20.53,38.42
AF1003,AF181,2025-02-02,4.03,237,44,16,12.33,31.03
AF1001,AF182,2025-02-03,8.47,83,15,6,27.97,2.43
AF1003,AF181,2025-02-03,3.26,230,43,15,11.46,36.16
DL2001,DL101,2025-02-03,4.97,149,28,10,16.36,23.06
AC6001,AC500,2025-02-04,8.16,81,15,6,24.64,7.36
DL2001,DL100,2025-02-04,7.27,170,31,12,26.31,26.4
DL2002,DL101,2025-02-04,7.98,88,16,7,28.37,21.1
JL7001,JL600,2025-02-04,9.98,146,27,10,28.69,21.27
LH4001,LH300,2025-02-04,3.25,200,37,13,8.28,32.65
AC6001,AC500,2025-02-05,1.98,68,12,6,5.77,10.89
AC6001,AC500,2025-02-06,3.43,102,19,7,11.42,17.03
AF1003,AF180,2025-02-06,2.63,218,40,15,9.67,32.4
BA5001,BA400,2025-02-06,4.17,121,22,9,12.08,20.21
AF1004,AF180,2025-02-07,9.06,101,19,7,35.54,5.46
BA5001,BA400,2025-02-07,4.78,125,23,9,14.19,21.4
DL2002,DL101,2025-02-07,10.21,124,23,8,32.66,21.74
AF1003,AF181,2025-02-08,11.34,198,37,13,33.35,25.92
AF1004,AF180,2025-02-08,10.97,91,17,6,37.94,3.06
BA5001,BA400,2025-02-08,9.63,187,35,12,38.32,29.62
LH4001,LH301,2025-02-08,2.08,264,49,18,6.83,42.15
IB3001,IB201,2025-02-09,4.37,156,29,11,11.61,23.48
LH4001,LH301,2025-02-09,8.84,362,67,24,33.7,50.05
AC6001,AC500,2025-02-10,7.37,81,15,6,18.95,11.31
AF1002,AF181,2025-02-10,3.66,218,40,15,13.95,35.16
AF1003,AF181,2025-02-10,9.38,128,24,9,28.53,25.79
BA5001,BA400,2025-02-10,7.35,126,23,9,18.44,20.52
IB3001,IB200,2025-02-10,11.37,97,18,7,40.15,1.0
DL2001,DL101,2025-02-11,9.5,198,37,13,27.26,31.67
JL7001,JL600,2025-02-11,6.15,164,30,12,18.47,28.03
AF1001,AF182,2025-02-12,5.11,114,21,8,16.53,13.87
AF1003,AF182,2025-02-12,6.95,167,31,11,18.57,29.5
DL2001,DL101,2025-02-12,8.11,136,25,10,29.94,24.37
DL2002,DL100,2025-02-12,8.37,141,26,10,26.51,24.36
IB3001,IB201,2025-02-12,2.97,96,18,7,9.04,13.83
AC6001,AC500,2025-02-13,1.19,55,10,4,4.73,9.39
AF1003,AF181,2025-02-13,3.98,215,40,14,15.2,29.89
AF1001,AF181,2025-02-14,8.3,87,16,6,20.88,9.52
AF1003,AF180,2025-02-14,5.91,198,37,13,18.12,32.53
BA5001,BA400,2025-02-14,9.26,109,20,8,25.27,14.78
LH4001,LH300,2025-02-14,2.45,268,50,17,7.34,39.33
AF1001,AF180,2025-02-15,6.59,110,20,8,25.01,5.39
AF1002,AF180,2025-02-15,11.02,217,40,15,42.92,28.56
AF1004,AF182,2025-02-15,4.48,148,27,10,16.11,24.89
IB3001,IB201,2025-02-15,8.36,136,25,10,27.04,13.96
JL7001,JL600,2025-02-15,1.58,97,18,7,5.68,19.63
AC6001,AC500,2025-02-16,2.11,80,15,5,8.43,14.0
AF1002,AF181,2025-02-16,11.48,168,31,12,44.01,28.7
DL2001,DL100,2025-02-16,5.8,157,29,11,17.22,26.49
IB3001,IB201,2025-02-16,10.26,126,23,9,36.93,4.07
JL7001,JL600,2025-02-16,3.5,112,21,7,12.39,21.49
AF1001,AF182,2025-02-18,4.56,72,13,5,17.61,12.79
AF1003,AF181,2025-02-18,11.37,190,35,13,45.39,28.49
DL2001,DL100,2025-02-18,6.62,101,19,7,19.46,19.55
AF1002,AF182,2025-02-19,5.63,222,41,15,18.68,36.53
AF1004,AF182,2025-02-19,7.93,120,22,9,24.29,16.71
BA5001,BA400,2025-02-20,9.06,124,23,8,27.94,25.14
IB3001,IB200,2025-02-20,8.65,118,22,8,28.63,12.37
JL7001,JL600,2025-02-20,3.37,178,33,12,10.1,31.77
AF1002,AF181,2025-02-21,9.61,180,33,13,24.58,31.91
AF1004,AF180,2025-02-21,11.94,150,28,10,43.43,1.0
AC6001,AC500,2025-02-22,1.43,98,18,7,5.57,18.11
DL2001,DL100,2025-02-22,3.43,138,25,10,9.98,19.49
AF1003,AF182,2025-02-23,8.77,199,37,13,34.65,32.7
BA5001,BA400,2025-02-23,11.29,140,26,9,32.33,26.95
IB3001,IB201,2025-02-23,1.64,129,24,9,5.08,21.82
JL7001,JL600,2025-02-23,6.95,177,33,12,25.29,29.77
AC6001,AC500,2025-02-24,10.75,89,16,7,40.28,1.0
AF1003,AF181,2025-02-24,9.93,140,26,10,30.95,26.67
DL2001,DL100,2025-02-24,5.83,128,24,8,14.74,18.31
IB3001,IB200,2025-02-24,2.29,125,23,9,7.63,22.01
AC6001,AC500,2025-02-25,11.41,83,15,6,29.13,2.87
AF1001,AF180,2025-02-25,7.23,68,12,5,24.75,5.65
AF1002,AF181,2025-02-25,5.67,149,28,10,14.51,24.24
DL2001,DL100,2025-02-25,4.77,164,30,11,16.05,21.71
DL2002,DL100,2025-02-26,6.26,94,17,7,20.4,13.1
AC6001,AC500,2025-02-27,4.81,79,14,6,18.25,13.16
AF1001,AF182,2025-02-27,4.69,92,17,7,15.88,14.52
AF1002,AF180,2025-02-27,7.27,136,25,10,28.86,18.43
AF1004,AF182,2025-02-27,10.02,156,29,10,25.63,15.37
BA5001,BA400,2025-02-27,1.51,138,25,10,4.97,18.42
DL2001,DL101,2025-02-27,10.27,132,24,10,34.38,19.8
DL2002,DL100,2025-02-27,9.18,116,21,8,31.7,20.05
LH4001,LH300,2025-02-27,11.4,316,59,21,45.16,47.55
AF1002,AF181,2025-02-28,5.11,158,29,11,13.52,27.52
DL2002,DL101,2025-02-28,8.74,119,22,8,27.73,16.16
AF1001,AF181,2025-03-01,6.1,106,19,8,21.79,8.61
AF1003,AF180,2025-03-01,7.85,159,29,11,25.87,25.9
AF1004,AF181,2025-03-01,9.37,100,18,7,27.23,13.81
DL2001,DL101,2025-03-01,8.99,175,32,12,34.05,26.62
JL7001,JL600,2025-03-01,1.18,171,32,11,4.13,31.38
AC6001,AC500,2025-03-02,5.43,73,13,6,18.31,13.69
AF1001,AF182,2025-03-02,8.3,61,11,5,31.12,1.0
JL7001,JL600,2025-03-02,10.2,182,34,12,32.46,32.46
AC6001,AC500,2025-03-03,8.74,101,19,7,29.73,2.27
AF1002,AF180,2025-03-03,3.53,172,32,12,12.75,29.67
AF1003,AF182,2025-03-03,10.02,130,24,9,26.76,22.7
AF1004,AF182,2025-03-03,11.4,133,25,9,43.39,1.0
DL2001,DL101,2025-03-03,8.43,184,34,12,22.87,29.07
AC6001,AC500,2025-03-04,4.2,100,18,7,12.83,16.64
AF1003,AF180,2025-03-04,1.97,129,24,9,5.36,23.32
DL2001,DL101,2025-03-04,9.68,128,24,8,33.95,22.47
DL2002,DL101,2025-03-04,11.14,143,26,10,44.55,26.58
IB3001,IB201,2025-03-04,2.03,117,22,8,5.68,16.93
AF1004,AF182,2025-03-05,7.14,98,18,7,18.77,13.58
LH4001,LH301,2025-03-05,7.18,352,66,22,18.54,49.01
BA5001,BA400,2025-03-06,1.5,124,23,9,5.64,23.93
DL2001,DL100,2025-03-06,3.71,181,34,12,9.33,24.88
DL2002,DL101,2025-03-06,10.92,156,29,11,40.38,27.33
LH4001,LH300,2025-03-06,4.15,270,50,18,12.86,38.66
AF1001,AF181,2025-03-07,7.95,93,17,7,21.23,9.17
BA5001,BA400,2025-03-07,1.39,108,20,8,5.44,21.09
DL2002,DL101,2025-03-07,4.66,109,20,8,11.91,17.1
LH4001,LH301,2025-03-08,4.9,288,54,18,12.76,37.23
AF1004,AF181,2025-03-09,9.77,147,27,10,37.19,3.81
DL2002,DL101,2025-03-09,6.41,114,21,8,17.07,19.47
LH4001,LH301,2025-03-09,5.69,306,57,20,20.58,47.6
DL2001,DL101,2025-03-10,1.09,154,28,11,3.88,24.27
JL7001,JL600,2025-03-10,10.51,157,29,11,34.23,26.89
AC6001,AC500,2025-03-11,2.47,75,14,5,9.76,15.63
AF1002,AF180,2025-03-11,8.43,229,43,15,32.28,34.02
IB3001,IB200,2025-03-11,8.4,104,19,7,29.68,11.32
AC6001,AC500,2025-03-12,4.23,100,18,7,16.57,15.43
AF1001,AF182,2025-03-12,3.98,60,11,5,14.61,12.8
AF1003,AF182,2025-03-13,9.23,216,40,14,32.29,34.55
DL2002,DL100,2025-03-13,3.16,106,19,8,10.16,16.25
AC6001,AC500,2025-03-14,11.48,64,12,4,31.15,1.0
AF1001,AF180,2025-03-14,8.91,61,11,5,22.4,8.0
BA5001,BA400,2025-03-14,7.98,152,28,10,31.07,25.73
IB3001,IB200,2025-03-14,7.82,90,16,7,28.84,12.59
LH4001,LH301,2025-03-14,5.23,350,65,23,19.25,49.74
AF1002,AF181,2025-03-15,6.46,240,45,15,19.24,37.03
DL2001,DL101,2025-03-15,4.08,166,31,11,11.76,27.1
AF1001,AF182,2025-03-16,2.01,72,13,5,7.25,18.08
DL2001,DL100,2025-03-16,3.33,151,28,10,9.18,23.62
JL7001,JL600,2025-03-16,4.46,112,21,8,14.27,20.83
LH4001,LH301,2025-03-16,9.03,316,59,21,35.27,41.68
AF1001,AF180,2025-03-17,5.3,87,16,6,13.51,15.17
AF1002,AF182,2025-03-17,1.48,233,43,16,5.46,31.87
DL2001,DL100,2025-03-17,6.93,176,33,11,27.5,28.45
DL2002,DL101,2025-03-17,8.16,152,28,11,22.88,27.79
AF1002,AF180,2025-03-18,6.59,237,44,16,24.29,31.44
AF1002,AF180,2025-03-19,9.69,131,24,9,35.02,17.96
DL2002,DL100,2025-03-19,5.39,138,25,10,14.78,21.08
AC6001,AC500,2025-03-20,2.93,97,18,7,7.66,15.57
AF1001,AF180,2025-03-20,2.73,70,13,5,7.28,17.79
JL7001,JL600,2025-03-20,2.27,111,20,8,8.3,17.91
LH4001,LH300,2025-03-20,8.02,276,51,19,25.18,40.2
AF1003,AF182,2025-03-21,3.87,195,36,13,10.37,26.32
DL2002,DL101,2025-03-21,6.06,156,29,11,17.88,28.05
AC6001,AC500,2025-03-22,1.55,76,14,5,6.0,15.11
AF1004,AF181,2025-03-22,1.56,119,22,8,4.38,17.31
DL2001,DL100,2025-03-22,3.48,116,21,9,9.33,20.93
DL2002,DL100,2025-03-23,10.26,145,27,10,40.96,25.87
LH4001,LH300,2025-03-23,8.13,342,64,22,30.66,49.8
AC6001,AC500,2025-03-24,8.88,69,13,5,31.48,1.0
AF1002,AF180,2025-03-24,6.99,233,43,16,20.59,31.12
BA5001,BA400,2025-03-24,11.99,109,20,8,38.86,19.62
JL7001,JL600,2025-03-24,7.26,174,32,12,21.58,24.73
LH4001,LH300,2025-03-24,11.71,368,69,24,45.81,50.71
AF1003,AF182,2025-03-25,2.47,140,26,10,9.62,24.05
DL2002,DL101,2025-03-25,2.34,122,22,9,6.29,18.83
AF1002,AF180,2025-03-27,6.32,236,44,16,16.29,32.61
JL7001,JL600,2025-03-27,2.62,126,23,9,9.57,22.75
LH4001,LH300,2025-03-27,10.82,292,54,19,27.21,42.77
AC6001,AC500,2025-03-28,5.23,95,17,7,14.3,17.7
AF1001,AF182,2025-03-28,7.76,112,21,7,28.06,2.34
AF1004,AF182,2025-03-28,6.78,97,18,7,25.95,15.05
DL2001,DL100,2025-03-28,6.62,184,34,12,16.58,32.89
AF1002,AF180,2025-03-29,10.94,156,29,10,28.53,20.98
AF1004,AF180,2025-03-29,2.4,84,15,7,7.78,14.88
BA5001,BA400,2025-03-29,5.21,161,30,11,17.12,28.02
LH4001,LH301,2025-03-29,6.7,377,70,25,23.09,50.8
AF1003,AF180,2025-03-30,9.56,137,25,10,36.76,24.83
BA5001,BA400,2025-03-30,7.04,103,19,7,20.53,14.9
BA5001,BA400,2025-03-31,10.43,188,35,12,40.04,27.41
AC6001,AC500,2025-04-01,10.02,81,15,6,27.85,4.15
BA5001,BA400,2025-04-01,7.42,190,35,13,26.65,33.26
IB3001,IB201,2025-04-01,7.16,83,15,6,24.59,16.48
JL7001,JL600,2025-04-01,11.89,110,20,8,32.59,17.31
AF1002,AF182,2025-04-02,9.87,206,38,14,30.47,29.7
AF1003,AF182,2025-04-02,4.96,212,39,14,14.54,34.23
LH4001,LH300,2025-04-02,4.68,284,53,18,17.29,41.37
AF1001,AF180,2025-04-03,2.44,63,11,5,7.47,12.5
DL2002,DL100,2025-04-03,5.15,118,22,8,13.76,19.99
IB3001,IB201,2025-04-03,11.61,144,27,9,36.81,4.19
BA5001,BA400,2025-04-04,8.38,120,22,8,30.18,24.38
JL7001,JL600,2025-04-04,5.94,135,25,9,22.22,20.39
AF1001,AF181,2025-04-05,4.06,101,19,7,12.61,17.79
AF1003,AF182,2025-04-05,4.27,196,36,13,16.88,34.33
DL2001,DL101,2025-04-05,10.41,114,21,8,34.17,21.34
IB3001,IB200,2025-04-05,7.62,133,25,9,23.7,17.3
LH4001,LH300,2025-04-05,4.28,251,47,16,15.41,37.26
AC6001,AC500,2025-04-06,6.23,60,11,5,19.74,11.91
AF1001,AF182,2025-04-06,11.9,111,20,8,30.79,1.0
AF1003,AF180,2025-04-06,6.84,153,28,11,23.42,26.3
AF1004,AF180,2025-04-06,6.2,130,24,9,18.71,18.77
AF1002,AF181,2025-04-07,8.54,213,40,14,29.8,35.0
BA5001,BA400,2025-04-07,8.22,158,29,11,29.44,25.37
DL2001,DL101,2025-04-07,10.78,152,28,10,37.94,25.63
DL2002,DL100,2025-04-07,6.1,140,26,10,22.52,26.44
JL7001,JL600,2025-04-07,11.57,176,33,11,37.19,27.12
LH4001,LH300,2025-04-07,1.16,310,58,20,3.48,44.4
AF1001,AF181,2025-04-08,11.64,112,21,7,41.86,1.0
AF1004,AF182,2025-04-08,5.68,154,28,11,22.59,18.41
BA5001,BA400,2025-04-08,3.15,137,25,10,11.01,20.82
DL2002,DL101,2025-04-08,8.93,134,25,9,30.0,24.37
AF1003,AF181,2025-04-09,2.66,227,42,15,7.92,29.45
BA5001,BA400,2025-04-09,9.84,120,22,8,31.12,24.36
DL2001,DL100,2025-04-09,3.25,123,23,8,12.89,23.65
LH4001,LH301,2025-04-09,6.09,280,52,19,16.0,44.95
AF1002,AF182,2025-04-10,8.04,133,25,9,28.97,24.44
BA5001,BA400,2025-04-10,6.75,138,25,10,25.83,21.59
DL2001,DL100,2025-04-10,4.51,106,19,8,17.69,18.77
DL2002,DL100,2025-04-10,3.38,159,29,11,9.38,26.88
IB3001,IB200,2025-04-10,9.14,100,18,7,28.12,12.88
LH4001,LH300,2025-04-10,5.45,200,37,13,19.7,33.19
AC6001,AC500,2025-04-11,8.17,73,13,6,24.2,7.8
AF1003,AF181,2025-04-11,11.23,235,44,15,35.28,33.04
BA5001,BA400,2025-04-11,7.38,121,22,9,20.96,20.02
AF1003,AF182,2025-04-12,1.84,143,26,10,7.24,23.05
BA5001,BA400,2025-04-12,8.58,106,19,8,29.89,18.44
DL2001,DL101,2025-04-12,2.92,104,19,8,8.96,22.6
DL2002,DL100,2025-04-12,4.13,144,27,9,14.83,23.1
LH4001,LH300,2025-04-12,8.72,385,72,25,24.73,51.08
AC6001,AC500,2025-04-13,10.26,60,11,5,35.72,1.0
AF1003,AF182,2025-04-13,11.07,149,28,10,29.36,26.43
DL2001,DL100,2025-04-13,6.63,127,23,9,25.87,19.5
LH4001,LH301,2025-04-13,4.12,236,44,15,15.66,35.87
AF1001,AF182,2025-04-14,10.91,90,16,7,33.91,1.0
AF1004,AF181,2025-04-14,10.99,133,25,9,40.42,1.0
BA5001,BA400,2025-04-14,6.21,131,24,9,22.9,24.56
AF1004,AF182,2025-04-15,7.71,96,18,7,29.53,11.47
DL2002,DL101,2025-04-15,2.92,137,25,10,8.73,22.53
JL7001,JL600,2025-04-15,4.69,143,26,10,17.76,22.55
AF1002,AF181,2025-04-16,3.1,239,44,16,8.11,39.79
AF1004,AF181,2025-04-16,10.2,159,29,11,29.71,11.29
DL2002,DL101,2025-04-16,6.37,131,24,9,22.12,22.23
JL7001,JL600,2025-04-16,6.58,172,32,12,21.53,28.84
AF1002,AF180,2025-04-17,1.85,168,31,11,6.48,24.85
DL2001,DL100,2025-04-17,6.88,194,36,13,27.44,26.48
AF1001,AF180,2025-04-18,1.98,103,19,7,7.6,19.24
AF1004,AF181,2025-04-18,7.96,92,17,7,31.05,9.95
DL2001,DL101,2025-04-18,10.04,132,24,10,34.7,23.89
IB3001,IB200,2025-04-18,4.95,130,24,9,13.51,25.19
AC6001,AC500,2025-04-19,11.89,77,14,6,38.39,1.0
BA5001,BA400,2025-04-19,2.13,136,25,9,7.57,21.04
AC6001,AC500,2025-04-20,11.28,95,17,7,40.08,1.0
JL7001,JL600,2025-04-20,11.62,99,18,7,38.65,20.52
AF1004,AF180,2025-04-21,2.51,106,19,8,10.01,16.73
LH4001,LH300,2025-04-21,1.85,241,45,16,6.46,32.99
BA5001,BA400,2025-04-22,4.6,154,28,11,16.04,20.78
DL2002,DL100,2025-04-22,8.02,160,30,11,20.25,26.17
AF1004,AF181,2025-04-23,3.71,104,19,8,11.65,18.05
DL2001,DL101,2025-04-23,3.76,180,33,13,9.6,31.14
LH4001,LH300,2025-04-23,11.32,365,68,24,34.0,54.11
AF1001,AF181,2025-04-24,5.65,72,13,6,15.75,10.3
AF1003,AF182,2025-04-24,2.23,209,39,14,7.03,30.66
LH4001,LH300,2025-04-24,3.62,301,56,20,13.96,46.49
AF1002,AF181,2025-04-26,6.78,179,33,12,26.74,28.94
AF1004,AF182,2025-04-26,7.28,126,23,9,24.47,16.53
DL2001,DL101,2025-04-26,4.51,108,20,8,12.31,17.75
LH4001,LH300,2025-04-26,6.29,246,46,16,23.98,38.03
AC6001,AC500,2025-04-27,10.66,56,10,4,37.5,1.0
DL2002,DL101,2025-04-27,6.16,123,23,8,23.78,19.91
DL2001,DL100,2025-04-28,8.13,124,23,8,31.12,22.81
AF1004,AF182,2025-04-29,5.16,109,20,8,17.27,22.5
BA5001,BA400,2025-04-29,8.65,138,25,10,34.12,19.35
AF1002,AF181,2025-04-30,5.68,192,36,12,20.38,31.79
IB3001,IB200,2025-04-30,3.89,137,25,10,11.26,25.7
JL7001,JL600,2025-04-30,7.14,186,34,13,21.62,27.07
BA5001,BA400,2025-05-01,5.73,144,27,10,16.9,20.6
DL2002,DL101,2025-05-01,9.76,167,31,11,36.61,25.62
IB3001,IB201,2025-05-01,10.59,129,24,9,39.75,1.25
AF1001,AF181,2025-05-02,11.22,107,20,7,44.84,1.0
AF1003,AF180,2025-05-02,2.11,188,35,13,5.33,30.32
AF1004,AF182,2025-05-02,1.95,95,17,7,5.97,19.87
LH4001,LH300,2025-05-02,11.21,316,59,21,29.13,45.5
AC6001,AC500,2025-05-03,7.08,63,11,5,28.22,3.78
BA5001,BA400,2025-05-03,1.93,168,31,11,5.06,23.76
JL7001,JL600,2025-05-03,9.18,108,20,8,25.42,14.83
AC6001,AC500,2025-05-04,3.21,96,18,7,8.86,14.27
BA5001,BA400,2025-05-04,11.07,167,31,11,36.83,27.65
JL7001,JL600,2025-05-04,7.6,110,20,8,23.48,19.58
LH4001,LH300,2025-05-04,11.09,324,60,21,34.16,47.64
AF1004,AF180,2025-05-05,2.23,122,22,9,6.49,20.48
DL2002,DL101,2025-05-05,8.08,89,16,7,25.26,18.51
IB3001,IB200,2025-05-05,6.78,152,28,11,21.1,19.9
AF1003,AF180,2025-05-06,5.22,191,35,13,15.54,33.87
DL2001,DL101,2025-05-06,1.48,100,18,7,4.6,21.44
IB3001,IB200,2025-05-06,4.24,95,17,7,15.67,19.07
JL7001,JL600,2025-05-06,1.62,118,22,8,5.0,17.01
AC6001,AC500,2025-05-07,2.35,64,12,5,6.77,13.01
AF1004,AF180,2025-05-07,3.22,154,28,11,10.57,24.78
DL2001,DL101,2025-05-07,8.85,188,35,13,31.99,27.56
LH4001,LH301,2025-05-07,1.48,259,48,17,5.74,34.85
AF1001,AF180,2025-05-08,5.0,110,20,8,19.43,10.97
AF1004,AF182,2025-05-08,10.79,149,28,10,36.99,4.01
DL2002,DL100,2025-05-09,4.57,118,22,8,13.04,16.83
AF1004,AF182,2025-05-10,7.74,108,20,7,27.63,13.37
JL7001,JL600,2025-05-10,11.89,151,28,10,31.49,22.97
LH4001,LH300,2025-05-10,1.69,201,37,14,5.4,30.94
AC6001,AC500,2025-05-11,3.21,102,19,7,8.15,15.15
AF1001,AF181,2025-05-11,9.62,107,20,7,34.53,1.0
AF1003,AF181,2025-05-11,2.6,224,42,15,8.4,34.59
DL2002,DL100,2025-05-11,8.82,104,19,7,23.37,18.22
IB3001,IB201,2025-05-11,4.25,141,26,10,11.32,20.28
AF1003,AF182,2025-05-12,1.98,123,23,8,5.01,23.21
BA5001,BA400,2025-05-12,11.8,105,19,8,30.31,14.35
IB3001,IB200,2025-05-12,2.89,116,21,9,9.69,17.83
BA5001,BA400,2025-05-13,3.46,112,21,7,9.1,18.73
DL2001,DL100,2025-05-13,7.41,162,30,11,23.47,22.68
AF1004,AF180,2025-05-14,6.2,150,28,10,21.0,20.0
AF1003,AF180,2025-05-15,5.44,228,42,15,16.89,33.33
DL2002,DL101,2025-05-15,1.07,163,30,11,3.78,23.42
JL7001,JL600,2025-05-15,3.52,135,25,9,10.05,24.88
AC6001,AC500,2025-05-16,11.87,61,11,5,37.69,1.0
BA5001,BA400,2025-05-16,6.8,112,21,8,27.06,21.94
LH4001,LH300,2025-05-16,1.49,373,70,24,5.36,54.6
AC6001,AC500,2025-05-17,3.17,73,13,6,9.31,10.37
AF1002,AF180,2025-05-17,5.78,233,43,16,15.13,31.03
AF1003,AF181,2025-05-17,11.05,186,34,13,41.37,29.24
BA5001,BA400,2025-05-17,1.35,97,18,7,4.52,17.4
JL7001,JL600,2025-05-17,11.36,184,34,13,41.56,32.52
BA5001,BA400,2025-05-18,7.25,104,19,8,19.31,14.42
DL2002,DL101,2025-05-19,4.33,127,23,9,14.4,21.86
JL7001,JL600,2025-05-19,1.43,158,29,11,4.46,22.62
AF1001,AF182,2025-05-20,2.97,72,13,6,10.11,10.79
AF1004,AF181,2025-05-20,1.49,125,23,9,5.29,17.58
BA5001,BA400,2025-05-20,5.91,155,29,10,22.27,28.95
DL2002,DL100,2025-05-20,6.19,89,16,7,17.13,17.87
AC6001,AC500,2025-05-21,3.9,55,10,4,14.09,15.08
AF1001,AF182,2025-05-21,8.39,113,21,8,31.25,1.0
IB3001,IB201,2025-05-21,6.28,140,26,10,21.04,19.96
AF1003,AF181,2025-05-22,5.96,179,33,12,23.75,27.37
DL2002,DL100,2025-05-22,11.2,151,28,10,42.43,23.57
LH4001,LH301,2025-05-22,3.39,366,68,24,11.02,49.37
AC6001,AC500,2025-05-23,9.7,81,15,6,38.55,1.0
JL7001,JL600,2025-05-23,4.2,188,35,12,14.66,29.17
AF1002,AF180,2025-05-24,8.05,132,24,10,27.91,20.46
DL2002,DL101,2025-05-24,11.14,113,21,8,31.75,23.75
AF1001,AF181,2025-05-25,1.65,83,15,6,5.69,19.32
AF1002,AF180,2025-05-25,5.01,251,47,16,17.06,36.7
AF1004,AF181,2025-05-25,10.03,158,29,11,32.33,8.67
DL2002,DL101,2025-05-25,8.61,132,24,10,31.49,20.41
LH4001,LH301,2025-05-25,11.34,220,41,15,39.63,33.09
AC6001,AC500,2025-05-26,10.9,84,15,7,27.59,4.41
DL2001,DL100,2025-05-26,8.41,199,37,13,21.74,33.13
AF1002,AF181,2025-05-27,11.97,257,48,17,33.6,39.84
AF1003,AF182,2025-05-27,7.38,139,26,9,20.74,19.35
DL2001,DL100,2025-05-27,8.29,163,30,11,20.93,22.82
AF1001,AF182,2025-05-28,5.97,108,20,7,20.99,9.41
IB3001,IB200,2025-05-28,3.92,120,22,8,14.92,22.18
JL7001,JL600,2025-05-28,6.42,147,27,10,19.62,22.39
AF1001,AF181,2025-05-29,4.92,89,16,7,14.08,15.95
IB3001,IB201,2025-05-29,5.22,128,24,9,17.94,23.06
LH4001,LH301,2025-05-29,1.84,302,56,20,5.95,47.45
AF1002,AF181,2025-05-30,3.17,176,33,11,9.24,28.08
AF1003,AF181,2025-05-30,1.9,222,41,15,6.46,29.93
AF1004,AF181,2025-05-30,11.14,101,19,7,34.52,6.48
DL2002,DL100,2025-05-30,8.14,142,26,10,32.06,20.08
AF1001,AF181,2025-05-31,8.96,84,15,6,28.93,1.47
AF1003,AF182,2025-05-31,2.0,141,26,10,7.27,22.38
AF1004,AF182,2025-05-31,11.0,142,26,10,40.76,1.0
BA5001,BA400,2025-05-31,6.87,138,25,10,21.55,22.07
DL2001,DL101,2025-05-31,1.85,101,19,7,4.93,17.81
JL7001,JL600,2025-05-31,1.64,108,20,7,4.81,19.25
AC6001,AC500,2025-06-01,4.21,86,16,6,15.22,14.98
AF1002,AF180,2025-06-01,7.34,213,40,14,22.78,28.86
AF1004,AF182,2025-06-01,3.78,148,27,10,11.5,26.8
LH4001,LH301,2025-06-01,2.86,325,61,21,11.24,49.31
AF1001,AF181,2025-06-02,7.54,115,21,8,18.89,11.51
AF1002,AF180,2025-06-02,7.59,197,37,13,26.52,25.83
AF1004,AF182,2025-06-02,4.07,134,25,9,15.8,25.39
AF1001,AF181,2025-06-03,6.28,91,17,6,18.36,12.04
AF1003,AF181,2025-06-03,1.94,170,31,12,5.64,29.35
DL2002,DL101,2025-06-03,2.11,144,27,10,6.91,24.53
LH4001,LH301,2025-06-03,1.91,263,49,17,6.35,40.24
BA5001,BA400,2025-06-04,10.75,188,35,12,36.78,33.23
DL2002,DL101,2025-06-04,11.75,132,24,9,39.21,20.56
AF1001,AF180,2025-06-05,8.63,108,20,7,22.55,7.85
AF1002,AF180,2025-06-05,4.44,144,27,10,13.88,26.49
BA5001,BA400,2025-06-05,5.0,131,24,9,17.94,23.52
DL2002,DL100,2025-06-05,8.69,157,29,11,32.73,22.56
JL7001,JL600,2025-06-05,8.77,173,32,12,22.07,23.61
AC6001,AC500,2025-06-06,11.41,72,13,6,44.02,1.0
AF1001,AF181,2025-06-06,6.38,96,18,6,16.73,13.67
AF1002,AF180,2025-06-06,10.59,192,36,13,34.11,30.49
LH4001,LH300,2025-06-06,8.08,303,56,20,29.7,43.15
AF1004,AF181,2025-06-07,8.63,156,29,10,24.05,16.95
LH4001,LH301,2025-06-07,4.88,290,54,19,18.07,44.32
AF1004,AF180,2025-06-08,11.69,136,25,9,30.02,10.98
DL2001,DL100,2025-06-08,10.47,101,19,7,40.04,17.22
AF1003,AF182,2025-06-10,10.71,145,27,10,27.62,19.95
DL2001,DL101,2025-06-10,5.72,134,25,9,17.69,18.12
IB3001,IB200,2025-06-10,7.51,122,22,9,29.86,11.14
AF1003,AF182,2025-06-11,4.06,211,39,14,14.18,35.56
AF1004,AF182,2025-06-11,1.09,80,15,6,3.2,14.5
IB3001,IB201,2025-06-11,5.34,133,25,9,18.63,19.92
AF1003,AF180,2025-06-12,9.02,214,40,14,35.65,30.87
DL2001,DL100,2025-06-12,10.25,153,28,11,38.02,20.58
AF1003,AF181,2025-06-13,2.67,139,26,9,7.88,24.59
IB3001,IB200,2025-06-13,4.58,127,23,9,17.3,22.54
AF1004,AF182,2025-06-14,1.16,123,23,8,4.4,19.15
BA5001,BA400,2025-06-14,2.32,174,32,12,9.19,25.59
DL2002,DL101,2025-06-14,5.18,99,18,7,13.76,14.91
IB3001,IB200,2025-06-15,10.92,84,15,7,27.53,13.44
BA5001,BA400,2025-06-16,5.82,192,36,12,15.26,29.04
LH4001,LH300,2025-06-16,11.54,320,60,21,30.89,49.04
AC6001,AC500,2025-06-17,3.39,76,14,5,8.88,15.61
AF1001,AF181,2025-06-17,7.02,63,11,5,19.29,11.11
AF1002,AF180,2025-06-17,8.41,219,41,14,28.52,36.72
AF1003,AF182,2025-06-17,7.66,172,32,11,28.34,27.66
LH4001,LH301,2025-06-17,6.14,225,42,15,17.28,32.69
AF1003,AF182,2025-06-18,7.35,204,38,13,21.0,28.57
AF1004,AF182,2025-06-18,9.75,152,28,11,33.23,7.77
BA5001,BA400,2025-06-18,7.19,183,34,12,23.82,24.89
AC6001,AC500,2025-06-19,5.32,52,9,5,15.65,13.41
AF1001,AF181,2025-06-19,3.28,71,13,5,11.25,15.5
AF1004,AF182,2025-06-19,8.77,116,21,9,25.26,15.74
DL2001,DL100,2025-06-19,3.48,117,22,8,11.09,17.46
DL2002,DL100,2025-06-20,11.93,121,22,9,41.02,16.86
AC6001,AC500,2025-06-21,10.76,81,15,6,38.11,1.0
AC6001,AC500,2025-06-22,7.04,97,18,7,21.4,10.6
AF1003,AF181,2025-06-22,7.0,180,33,13,17.88,27.03
BA5001,BA400,2025-06-22,7.58,140,26,9,25.13,24.38
AC6001,AC500,2025-06-23,2.0,64,12,5,6.09,11.48
AF1003,AF182,2025-06-23,10.94,216,40,15,31.76,30.22
DL2001,DL101,2025-06-23,3.08,101,19,7,10.51,15.39
IB3001,IB200,2025-06-23,1.96,142,26,10,5.22,24.04
AC6001,AC500,2025-06-24,6.74,102,19,7,17.81,14.19
AF1001,AF182,2025-06-24,11.35,62,11,5,30.61,1.0
AF1002,AF181,2025-06-24,4.97,166,31,11,12.84,27.61
AF1004,AF180,2025-06-24,3.76,148,27,11,13.82,25.32
IB3001,IB200,2025-06-24,9.85,146,27,10,34.12,6.88
AC6001,AC500,2025-06-25,1.25,74,13,6,4.42,16.69
JL7001,JL600,2025-06-25,2.97,192,36,13,8.24,26.91
DL2001,DL101,2025-06-26,3.95,115,21,8,15.08,21.07
JL7001,JL600,2025-06-26,10.98,112,21,8,42.14,20.3
AF1003,AF180,2025-06-27,6.55,126,23,9,16.69,19.18
BA5001,BA400,2025-06-27,8.61,158,29,11,34.35,21.21
DL2001,DL100,2025-06-27,8.4,109,20,8,29.09,16.58
DL2002,DL100,2025-06-27,2.0,159,29,11,5.14,25.85
IB3001,IB200,2025-06-27,8.97,100,18,7,32.52,8.48
AF1003,AF180,2025-06-28,4.88,207,38,14,12.74,27.57
BA5001,BA400,2025-06-28,8.42,188,35,12,27.62,31.22
LH4001,LH300,2025-06-28,5.62,213,40,14,19.44,28.98
AC6001,AC500,2025-06-29,9.43,64,12,5,28.42,3.58
AF1001,AF181,2025-06-29,6.63,69,13,5,21.35,9.05
JL7001,JL600,2025-06-29,8.74,189,35,13,28.96,30.09
LH4001,LH301,2025-06-29,2.82,205,38,14,11.08,34.7
AF1001,AF181,2025-06-30,6.33,90,16,7,24.0,6.4
AF1002,AF181,2025-06-30,3.25,166,31,11,11.42,24.7
AF1003,AF182,2025-06-30,3.36,161,30,11,10.16,22.76
AF1004,AF180,2025-06-30,5.19,159,29,11,17.79,23.21
JL7001,JL600,2025-06-30,9.89,117,22,8,28.83,20.91
DL2002,DL100,2025-07-01,1.84,154,28,11,6.72,26.95
LH4001,LH301,2025-07-01,3.59,333,62,22,13.96,46.72
AF1002,AF180,2025-07-02,8.17,210,39,14,26.07,27.64
BA5001,BA400,2025-07-02,8.68,112,21,7,26.74,18.17
DL2002,DL101,2025-07-02,8.42,123,23,8,26.68,17.36
IB3001,IB200,2025-07-02,9.88,124,23,9,33.78,7.22
AF1003,AF181,2025-07-03,5.45,199,37,13,17.42,30.17
BA5001,BA400,2025-07-03,8.53,134,25,9,33.6,24.12
DL2002,DL101,2025-07-03,7.5,88,16,7,25.93,13.44
IB3001,IB200,2025-07-03,7.12,88,16,7,19.69,14.1
JL7001,JL600,2025-07-03,3.03,156,29,10,8.1,22.15
AC6001,AC500,2025-07-04,3.2,100,18,7,10.31,13.84
AF1003,AF180,2025-07-04,6.66,123,23,8,22.61,18.9
BA5001,BA400,2025-07-04,7.26,152,28,10,28.41,25.88
JL7001,JL600,2025-07-04,5.55,134,25,9,21.59,20.1
AF1004,AF180,2025-07-05,8.04,134,25,9,25.08,15.92
BA5001,BA400,2025-07-05,10.09,179,33,12,36.3,31.47
JL7001,JL600,2025-07-05,9.8,104,19,8,33.81,16.83
AC6001,AC500,2025-07-06,2.75,69,13,5,10.74,13.16
AF1004,AF181,2025-07-06,7.02,99,18,7,28.06,12.94
DL2001,DL101,2025-07-06,11.42,120,22,8,28.7,25.0
DL2002,DL101,2025-07-06,9.4,150,28,10,31.58,26.92
JL7001,JL600,2025-07-06,1.84,101,19,7,5.74,20.48
AF1001,AF182,2025-07-07,5.98,84,15,7,21.24,9.16
AF1003,AF182,2025-07-07,6.86,184,34,12,26.74,26.17
AF1001,AF180,2025-07-08,9.71,103,19,7,30.69,1.0
AF1002,AF181,2025-07-08,4.41,252,47,17,13.74,36.17
AF1004,AF181,2025-07-08,9.14,123,23,8,25.72,15.28
BA5001,BA400,2025-07-08,9.92,149,28,10,34.65,21.96
DL2002,DL101,2025-07-08,4.04,108,20,8,13.9,19.06
JL7001,JL600,2025-07-08,8.51,120,22,9,26.69,20.37
JL7001,JL600,2025-07-09,2.1,148,27,11,7.09,26.86
AC6001,AC500,2025-07-10,6.94,95,17,7,27.14,4.86
BA5001,BA400,2025-07-10,5.28,164,30,11,20.45,28.79
DL2002,DL100,2025-07-10,10.9,105,19,8,29.35,20.36
LH4001,LH300,2025-07-10,11.32,244,45,17,38.88,38.29
AF1002,AF182,2025-07-11,7.89,240,45,16,27.15,33.35
AF1004,AF182,2025-07-11,10.81,151,28,10,27.07,13.93
DL2001,DL101,2025-07-11,8.74,168,31,11,29.73,28.33
DL2002,DL100,2025-07-11,8.72,102,19,7,24.27,19.43
JL7001,JL600,2025-07-11,3.24,180,33,12,9.74,24.88
AC6001,AC500,2025-07-12,9.7,96,18,6,29.2,2.8
BA5001,BA400,2025-07-12,1.79,137,25,10,4.98,25.55
LH4001,LH300,2025-07-12,11.07,200,37,14,30.48,33.52
AC6001,AC500,2025-07-13,5.18,96,18,6,18.97,13.03
IB3001,IB200,2025-07-13,3.37,88,16,7,13.28,16.07
AF1002,AF180,2025-07-14,9.99,198,37,13,32.83,28.14
AF1003,AF182,2025-07-14,2.71,204,38,14,8.94,29.73
AF1004,AF180,2025-07-14,9.09,152,28,10,22.81,18.19
AC6001,AC500,2025-07-15,6.75,99,18,7,18.31,13.69
AF1001,AF180,2025-07-15,10.93,71,13,5,34.32,1.0
DL2002,DL100,2025-07-15,5.74,131,24,9,15.04,20.72
IB3001,IB200,2025-07-15,5.74,100,18,8,18.23,18.71
JL7001,JL600,2025-07-15,3.13,188,35,13,8.3,31.72
AF1003,AF182,2025-07-16,11.5,234,43,16,29.26,35.42
AF1004,AF182,2025-07-16,5.63,124,23,8,15.55,25.2
DL2002,DL101,2025-07-16,2.01,167,31,11,6.14,22.21
AF1002,AF181,2025-07-17,3.71,256,48,17,14.69,39.24
AC6001,AC500,2025-07-18,2.58,70,13,5,9.86,15.42
JL7001,JL600,2025-07-18,9.15,98,18,7,31.49,20.17
AF1001,AF182,2025-07-19,6.27,100,18,7,15.69,14.71
BA5001,BA400,2025-07-19,11.45,119,22,8,29.26,19.89
DL2002,DL101,2025-07-19,8.15,119,22,8,21.0,24.09
AF1004,AF182,2025-07-20,8.7,92,17,7,31.86,9.14
JL7001,JL600,2025-07-20,8.63,128,24,9,23.94,20.9
AF1001,AF180,2025-07-21,1.31,96,18,6,4.19,20.51
DL2001,DL101,2025-07-21,1.64,112,21,7,4.69,15.89
LH4001,LH301,2025-07-21,9.85,344,64,23,25.28,47.68
AF1002,AF182,2025-07-22,2.65,132,24,9,8.65,19.81
AF1003,AF182,2025-07-22,3.63,199,37,13,10.96,33.88
BA5001,BA400,2025-07-22,10.84,117,22,8,38.32,19.13
DL2001,DL100,2025-07-22,7.5,140,26,9,22.77,22.51
IB3001,IB200,2025-07-22,8.24,103,19,7,22.2,14.1
JL7001,JL600,2025-07-22,4.82,192,36,12,15.73,28.51
AF1001,AF182,2025-07-23,3.25,83,15,6,10.01,18.09
BA5001,BA400,2025-07-23,10.88,121,22,9,39.28,22.62
DL2002,DL100,2025-07-23,5.38,126,23,9,14.69,24.25
JL7001,JL600,2025-07-23,2.48,99,18,7,6.46,21.19
AC6001,AC500,2025-07-24,11.0,83,15,6,35.15,1.0
DL2001,DL101,2025-07-24,3.28,171,32,11,12.7,30.69
AF1004,AF182,2025-07-25,7.12,131,24,9,24.31,16.69
DL2001,DL101,2025-07-25,7.67,191,35,13,19.52,32.65
IB3001,IB201,2025-07-25,11.5,115,21,8,34.84,6.16
AC6001,AC500,2025-07-26,5.07,65,12,5,17.27,14.73
DL2002,DL101,2025-07-26,11.17,166,31,11,39.41,26.72
DL2002,DL101,2025-07-27,3.82,150,28,10,11.28,25.36
IB3001,IB201,2025-07-27,5.07,147,27,10,13.22,21.56
DL2001,DL101,2025-07-28,4.31,161,30,11,16.98,29.77
JL7001,JL600,2025-07-28,8.87,111,20,8,25.38,19.78
AF1003,AF180,2025-07-29,7.63,168,31,11,24.87,22.49
DL2001,DL100,2025-07-29,3.21,111,20,8,8.96,17.38
IB3001,IB200,2025-07-29,6.21,119,22,8,20.83,20.17
AF1003,AF182,2025-07-30,2.06,131,24,9,6.2,22.96
DL2001,DL101,2025-07-30,6.94,110,20,8,25.73,15.69
AC6001,AC500,2025-07-31,5.8,55,10,4,23.13,8.87
AF1002,AF180,2025-07-31,2.26,213,40,14,7.68,32.21
JL7001,JL600,2025-07-31,1.01,100,18,8,2.68,20.12
AC6001,AC500,2025-08-01,3.34,65,12,5,12.54,14.18
AF1003,AF180,2025-08-01,3.58,152,28,10,9.43,24.85
BA5001,BA400,2025-08-01,7.18,132,24,9,24.31,18.33
DL2001,DL100,2025-08-01,9.75,144,27,10,26.84,21.52
AF1001,AF181,2025-08-02,10.13,72,13,5,32.37,1.0
AF1002,AF180,2025-08-02,10.96,148,27,10,30.8,24.6
BA5001,BA400,2025-08-02,1.4,123,23,8,4.1,19.19
LH4001,LH301,2025-08-02,11.13,380,71,25,29.45,51.0
AC6001,AC500,2025-08-03,2.31,91,17,6,5.99,15.16
DL2002,DL100,2025-08-03,11.98,141,26,10,30.82,23.97
LH4001,LH301,2025-08-03,7.42,377,70,25,27.84,51.07
AC6001,AC500,2025-08-04,7.56,83,15,6,21.05,10.95
AF1001,AF180,2025-08-04,9.55,101,19,7,35.16,1.0
AF1003,AF181,2025-08-04,9.9,148,27,11,37.78,24.58
AF1004,AF180,2025-08-04,1.66,80,15,6,5.73,18.73
JL7001,JL600,2025-08-04,7.31,108,20,7,25.98,16.95
AC6001,AC500,2025-08-05,7.83,60,11,4,25.14,6.86
AF1004,AF182,2025-08-05,1.26,142,26,10,4.53,27.24
DL2002,DL101,2025-08-05,7.97,104,19,8,22.14,15.03
AC6001,AC500,2025-08-06,10.71,71,13,5,40.06,1.0
DL2002,DL100,2025-08-06,3.54,167,31,11,10.82,24.51
AF1002,AF182,2025-08-07,7.53,133,25,9,23.69,23.74
AF1003,AF180,2025-08-07,8.29,130,24,9,24.92,26.21
BA5001,BA400,2025-08-07,10.14,106,19,8,36.5,19.62
DL2002,DL101,2025-08-07,2.19,139,26,9,8.2,20.47
AF1001,AF181,2025-08-08,7.65,72,13,5,19.28,11.12
AF1002,AF181,2025-08-08,8.97,168,31,11,28.49,22.53
AF1003,AF181,2025-08-08,3.37,238,44,16,11.12,32.8
AF1004,AF182,2025-08-08,8.93,115,21,8,34.44,6.56
DL2001,DL101,2025-08-08,9.84,191,35,13,28.51,24.91
AF1002,AF180,2025-08-09,3.24,221,41,15,11.1,32.37
BA5001,BA400,2025-08-09,3.59,110,20,8,11.07,17.86
JL7001,JL600,2025-08-09,4.96,144,27,10,16.08,25.28
AF1001,AF180,2025-08-10,10.18,100,18,7,37.85,1.0
AF1002,AF181,2025-08-10,8.02,246,46,16,25.46,39.99
AF1003,AF180,2025-08-10,4.03,180,33,12,12.46,29.2
AF1004,AF181,2025-08-10,3.47,124,23,9,13.25,16.72
BA5001,BA400,2025-08-10,2.79,149,28,10,8.6,22.77
AC6001,AC500,2025-08-11,1.65,60,11,4,4.21,12.88
AF1004,AF182,2025-08-11,1.73,87,16,6,6.21,19.42
DL2001,DL100,2025-08-11,9.66,122,22,9,31.09,21.93
JL7001,JL600,2025-08-11,9.24,159,29,11,32.91,23.9
AF1003,AF180,2025-08-12,9.28,238,44,16,26.66,36.3
IB3001,IB201,2025-08-12,6.03,82,15,6,17.13,18.03
LH4001,LH300,2025-08-12,3.46,344,64,22,10.88,45.51
AC6001,AC500,2025-08-13,5.53,70,13,5,18.05,13.95
BA5001,BA400,2025-08-13,3.87,163,30,11,12.66,29.33
AF1003,AF181,2025-08-14,5.84,233,43,16,21.41,33.61
DL2001,DL100,2025-08-14,10.14,180,33,12,30.42,27.68
DL2002,DL100,2025-08-14,5.3,110,20,8,20.77,19.37
IB3001,IB201,2025-08-14,8.07,83,15,6,29.13,11.87
JL7001,JL600,2025-08-14,6.09,149,28,10,22.22,27.45
AF1001,AF182,2025-08-15,6.14,82,15,6,15.39,14.03
AF1003,AF181,2025-08-15,11.25,181,34,12,28.24,28.83
AF1004,AF182,2025-08-15,10.95,157,29,11,30.84,10.16
BA5001,BA400,2025-08-15,10.06,152,28,11,37.11,24.93
JL7001,JL600,2025-08-15,9.28,155,29,10,36.81,24.04
AC6001,AC500,2025-08-16,3.76,82,15,6,9.51,17.23
AF1002,AF182,2025-08-16,8.81,232,43,15,24.9,33.82
AF1003,AF180,2025-08-16,4.93,152,28,11,16.4,23.03
JL7001,JL600,2025-08-16,11.06,179,33,12,43.6,28.89
LH4001,LH301,2025-08-16,9.43,366,68,24,24.97,52.32
AF1004,AF182,2025-08-17,8.18,102,19,7,26.39,14.61
DL2002,DL101,2025-08-17,8.18,141,26,10,29.93,26.08
JL7001,JL600,2025-08-17,7.06,185,34,13,22.33,27.95
AC6001,AC500,2025-08-18,10.54,67,12,5,32.29,1.0
AF1001,AF181,2025-08-18,11.65,96,18,7,30.79,1.0
AF1002,AF180,2025-08-18,2.84,142,26,10,11.26,23.29
AF1004,AF181,2025-08-18,10.11,149,28,10,32.22,8.78
DL2001,DL100,2025-08-18,8.74,198,37,13,22.6,34.68
LH4001,LH300,2025-08-18,1.75,313,58,21,4.73,45.29
AF1004,AF181,2025-08-19,3.99,111,20,8,10.44,20.83
BA5001,BA400,2025-08-19,2.34,136,25,10,8.48,19.7
IB3001,IB200,2025-08-19,3.19,80,15,5,9.4,14.88
JL7001,JL600,2025-08-19,5.04,180,33,12,16.32,25.73
AF1001,AF181,2025-08-20,8.83,106,19,8,22.79,7.61
DL2001,DL101,2025-08-20,6.56,152,28,10,18.81,26.74
AC6001,AC500,2025-08-21,1.72,89,16,7,6.47,14.0
IB3001,IB201,2025-08-21,11.7,140,26,10,34.69,6.31
DL2002,DL101,2025-08-22,4.85,85,16,6,15.03,19.84
IB3001,IB200,2025-08-22,1.86,112,21,8,7.43,20.07
JL7001,JL600,2025-08-22,6.87,133,25,9,18.21,17.71
DL2002,DL100,2025-08-23,10.85,97,18,7,41.95,19.69
LH4001,LH301,2025-08-23,9.39,368,69,24,31.05,47.92
AC6001,AC500,2025-08-24,3.25,80,15,6,12.83,13.53
AF1004,AF181,2025-08-24,10.61,158,29,11,32.99,8.01
JL7001,JL600,2025-08-24,10.35,98,18,7,39.39,19.85
LH4001,LH301,2025-08-24,9.6,379,71,24,28.19,54.79
AF1002,AF182,2025-08-25,1.8,204,38,14,4.75,31.7
DL2001,DL100,2025-08-25,7.11,196,36,14,24.2,30.43
IB3001,IB200,2025-08-25,6.95,149,28,10,25.31,15.69
AF1002,AF182,2025-08-26,2.55,258,48,17,8.79,38.6
AF1003,AF180,2025-08-27,10.25,196,36,14,38.9,28.11
DL2002,DL101,2025-08-27,3.04,133,25,9,7.7,23.37
LH4001,LH300,2025-08-27,5.07,347,65,22,13.44,47.14
AF1001,AF182,2025-08-28,11.72,78,14,6,34.69,1.0
AF1002,AF181,2025-08-28,10.72,157,29,11,32.93,21.63
AF1003,AF182,2025-08-28,5.68,205,38,14,21.08,35.57
AF1004,AF180,2025-08-28,2.22,129,24,9,6.39,22.0
BA5001,BA400,2025-08-28,6.45,156,29,11,17.32,27.89
DL2002,DL101,2025-08-28,3.41,136,25,9,9.62,23.15
IB3001,IB201,2025-08-28,1.5,93,17,7,3.86,19.06
JL7001,JL600,2025-08-28,9.93,151,28,10,29.03,21.86
AF1001,AF180,2025-08-29,6.52,95,17,7,18.3,12.1
DL2001,DL101,2025-08-29,9.02,151,28,10,34.94,25.45
DL2002,DL100,2025-08-29,1.56,116,21,9,4.56,23.39
LH4001,LH300,2025-08-29,6.88,287,53,19,23.37,40.95
AC6001,AC500,2025-08-30,7.1,66,12,5,21.27,10.73
AF1004,AF182,2025-08-30,9.41,140,26,10,30.05,10.95
DL2001,DL100,2025-08-30,4.06,119,22,8,14.11,17.31
DL2002,DL101,2025-08-30,2.37,135,25,9,8.62,22.84
LH4001,LH300,2025-08-30,6.42,220,41,14,16.84,32.01
AF1001,AF181,2025-08-31,8.77,60,11,5,32.11,1.0
AF1002,AF181,2025-08-31,7.2,222,41,15,26.32,30.07
IB3001,IB200,2025-09-01,1.41,125,23,9,4.5,24.78
JL7001,JL600,2025-09-01,5.32,184,34,13,19.72,28.95
AC6001,AC500,2025-09-02,6.44,84,15,7,20.96,11.04
AF1002,AF181,2025-09-02,6.43,172,32,11,21.91,25.16
AF1004,AF182,2025-09-02,11.54,156,29,11,44.3,1.0
IB3001,IB200,2025-09-02,3.57,120,22,9,11.18,17.97
AF1001,AF182,2025-09-03,1.65,117,22,8,4.35,22.16
AF1001,AF182,2025-09-04,9.11,109,20,8,32.38,1.0
AF1002,AF180,2025-09-04,3.64,178,33,12,14.04,28.73
AF1003,AF181,2025-09-04,11.23,161,30,11,31.68,25.97
DL2001,DL100,2025-09-04,9.23,106,19,8,23.94,15.94
DL2002,DL101,2025-09-04,7.48,138,25,10,19.1,25.58
IB3001,IB200,2025-09-04,5.86,115,21,8,16.42,20.3
AF1003,AF182,2025-09-05,2.62,162,30,11,9.0,24.51
AF1004,AF181,2025-09-05,5.69,97,18,7,19.02,21.19
AF1003,AF180,2025-09-06,5.41,204,38,13,19.39,33.27
BA5001,BA400,2025-09-06,11.9,176,33,12,44.7,25.11
JL7001,JL600,2025-09-06,2.66,100,18,8,8.93,22.39
AF1003,AF182,2025-09-07,11.01,128,24,8,42.49,17.88
DL2002,DL101,2025-09-07,1.56,145,27,10,5.91,23.18
AC6001,AC500,2025-09-08,7.43,80,15,6,22.39,9.61
AF1001,AF182,2025-09-08,6.94,103,19,7,25.95,4.45
AF1002,AF182,2025-09-08,3.28,208,39,14,11.72,34.03
BA5001,BA400,2025-09-08,4.76,120,22,8,12.98,18.86
JL7001,JL600,2025-09-08,8.81,172,32,12,33.17,26.66
AF1001,AF182,2025-09-09,4.42,104,19,7,12.89,16.4
AF1002,AF180,2025-09-09,9.75,176,33,11,31.68,29.43
LH4001,LH300,2025-09-09,8.5,216,40,14,31.72,32.66
AC6001,AC500,2025-09-10,7.81,70,13,5,24.44,7.56
BA5001,BA400,2025-09-10,3.7,126,23,9,11.96,22.51
DL2002,DL100,2025-09-10,10.92,152,28,11,29.67,28.38
IB3001,IB200,2025-09-10,5.96,90,16,7,20.59,19.48
AC6001,AC500,2025-09-11,8.13,80,15,6,30.63,1.37
IB3001,IB201,2025-09-11,7.16,132,24,10,20.71,20.29
LH4001,LH301,2025-09-11,2.64,332,62,21,10.15,50.78
AC6001,AC500,2025-09-12,8.43,80,15,5,22.73,9.27
AF1003,AF180,2025-09-12,10.31,148,27,11,32.12,24.07
DL2001,DL100,2025-09-12,5.95,143,26,10,20.52,19.86
AC6001,AC500,2025-09-13,9.63,99,18,7,28.47,3.53
AF1004,AF182,2025-09-13,6.55,89,16,7,24.32,16.68
DL2002,DL101,2025-09-13,8.28,132,24,9,30.93,21.48
JL7001,JL600,2025-09-13,9.27,99,18,7,34.18,15.32
BA5001,BA400,2025-09-14,2.87,114,21,8,8.36,22.72
DL2001,DL101,2025-09-14,6.54,176,33,12,17.52,28.78
DL2002,DL100,2025-09-14,3.96,139,26,9,11.72,23.41
AF1001,AF180,2025-09-15,4.44,84,15,7,11.77,17.19
AF1002,AF182,2025-09-15,9.81,170,31,12,36.68,28.01
JL7001,JL600,2025-09-15,4.53,152,28,10,17.11,20.66
DL2001,DL100,2025-09-16,9.61,111,20,8,24.72,18.79
IB3001,IB201,2025-09-16,6.19,114,21,8,22.44,18.85
AC6001,AC500,2025-09-17,7.44,100,18,7,19.84,12.16
AF1001,AF182,2025-09-17,11.04,62,11,5,43.79,1.0
AF1002,AF182,2025-09-17,4.62,202,37,14,15.94,27.78
IB3001,IB200,2025-09-17,6.28,108,20,7,16.12,14.54
AF1001,AF180,2025-09-18,2.27,84,15,6,7.73,18.11
AF1003,AF181,2025-09-18,10.85,143,26,10,35.75,25.15
AF1004,AF182,2025-09-18,5.39,133,25,9,20.16,21.09
BA5001,BA400,2025-09-18,7.12,192,36,13,19.55,33.29
IB3001,IB201,2025-09-18,10.89,89,16,7,41.48,1.0
LH4001,LH300,2025-09-18,1.95,252,47,17,6.71,35.34
AF1001,AF181,2025-09-19,11.86,88,16,6,46.05,1.0
AF1002,AF182,2025-09-19,5.74,224,42,14,21.17,33.71
AF1004,AF182,2025-09-19,10.99,140,26,10,34.0,7.0
AC6001,AC500,2025-09-20,6.87,89,16,7,20.86,11.14
AF1004,AF181,2025-09-20,10.9,127,23,9,34.39,6.61
IB3001,IB200,2025-09-20,6.69,144,27,10,25.37,15.63
LH4001,LH301,2025-09-20,5.27,241,45,16,20.38,33.84
AF1001,AF181,2025-09-21,1.1,94,17,7,3.39,17.81
DL2002,DL100,2025-09-21,8.09,150,28,10,26.86,24.3
JL7001,JL600,2025-09-21,11.87,180,33,12,42.35,29.74
AC6001,AC500,2025-09-22,10.43,57,10,5,30.41,1.59
AF1002,AF180,2025-09-22,8.59,160,30,11,24.92,23.98
BA5001,BA400,2025-09-22,6.88,102,19,7,25.57,21.27
AC6001,AC500,2025-09-23,8.83,59,11,4,28.61,3.39
DL2001,DL100,2025-09-23,7.4,150,28,10,28.21,24.07
LH4001,LH301,2025-09-23,4.5,368,69,24,15.96,48.31
BA5001,BA400,2025-09-24,11.44,153,28,11,30.91,20.26
DL2002,DL101,2025-09-24,8.54,144,27,9,31.3,19.45
IB3001,IB201,2025-09-24,6.73,107,20,7,26.79,14.21
LH4001,LH301,2025-09-24,10.97,234,43,16,39.36,37.43
AF1001,AF180,2025-09-25,8.01,74,13,6,22.74,7.66
AF1004,AF181,2025-09-25,8.23,115,21,8,30.88,10.12
DL2002,DL100,2025-09-25,4.68,138,25,10,13.59,21.99
IB3001,IB201,2025-09-25,11.96,124,23,9,39.88,1.12
LH4001,LH301,2025-09-25,6.03,250,46,17,15.91,34.2
AF1004,AF181,2025-09-26,4.57,97,18,7,14.88,20.78
BA5001,BA400,2025-09-26,10.72,178,33,12,33.16,30.15
DL2002,DL100,2025-09-26,6.25,113,21,8,20.79,18.89
JL7001,JL600,2025-09-26,7.96,184,34,12,24.27,29.52
LH4001,LH300,2025-09-26,8.19,239,44,16,24.6,32.62
AF1001,AF182,2025-09-27,1.86,111,20,8,5.89,15.36
AF1002,AF180,2025-09-27,7.9,174,32,12,24.26,28.07
DL2002,DL100,2025-09-27,5.12,152,28,10,16.89,20.02
AF1001,AF181,2025-09-28,8.94,109,20,8,23.73,6.67
AF1002,AF182,2025-09-28,10.35,161,30,11,32.46,29.76
BA5001,BA400,2025-09-28,1.16,178,33,12,4.6,30.42
DL2001,DL100,2025-09-28,8.41,123,23,8,21.71,18.19
JL7001,JL600,2025-09-28,11.57,100,18,7,43.37,18.79
AF1001,AF180,2025-09-29,7.53,93,17,7,29.81,1.0
AF1002,AF181,2025-09-29,8.49,176,33,11,23.05,29.12
AF1002,AF180,2025-09-30,11.97,175,32,12,36.8,26.59
AF1004,AF181,2025-09-30,10.25,120,22,8,40.1,1.0
BA5001,BA400,2025-09-30,10.67,124,23,9,35.2,18.21
DL2002,DL100,2025-09-30,5.3,101,19,7,16.7,17.11
AF1004,AF182,2025-10-01,4.7,150,28,10,18.4,22.93
DL2001,DL100,2025-10-01,9.47,107,20,7,30.77,21.74
DL2002,DL100,2025-10-01,7.76,149,28,10,28.21,26.23
AC6001,AC500,2025-10-02,8.85,65,12,5,28.53,3.47
AF1003,AF180,2025-10-02,3.17,152,28,10,12.52,25.95
AF1004,AF182,2025-10-02,2.51,96,18,7,7.77,15.07
DL2001,DL100,2025-10-02,8.01,178,33,12,28.81,28.18
DL2002,DL101,2025-10-02,11.84,159,29,11,40.02,23.35
DL2001,DL101,2025-10-03,1.9,147,27,10,7.59,22.86
IB3001,IB200,2025-10-03,6.63,93,17,7,25.8,15.2
JL7001,JL600,2025-10-03,5.33,143,26,10,18.44,20.07
AF1002,AF182,2025-10-04,8.41,192,36,12,33.14,31.75
BA5001,BA400,2025-10-04,1.69,164,30,12,4.61,23.19
IB3001,IB201,2025-10-04,7.84,101,19,7,28.0,13.0
JL7001,JL600,2025-10-04,8.56,98,18,7,30.56,14.44
LH4001,LH300,2025-10-04,9.89,344,64,22,29.56,44.56
IB3001,IB201,2025-10-05,6.28,84,15,6,21.12,13.58
JL7001,JL600,2025-10-05,7.82,176,33,11,25.97,28.62
LH4001,LH300,2025-10-05,9.05,312,58,21,26.2,45.8
AF1003,AF181,2025-10-06,4.41,132,24,10,11.84,25.55
DL2001,DL101,2025-10-06,5.51,153,28,11,20.3,25.82
LH4001,LH301,2025-10-06,6.94,223,41,15,26.44,29.91
AC6001,AC500,2025-10-07,4.24,53,10,4,12.83,12.31
AF1001,AF180,2025-10-07,5.77,114,21,8,17.9,12.5
AF1004,AF182,2025-10-07,3.33,93,17,7,10.33,13.1
JL7001,JL600,2025-10-07,9.59,153,28,11,35.13,27.09
AC6001,AC500,2025-10-08,11.05,57,10,5,37.07,1.0
AF1002,AF181,2025-10-08,6.17,164,30,12,20.2,22.62
LH4001,LH301,2025-10-08,6.83,286,53,19,26.3,43.44
DL2001,DL101,2025-10-09,9.9,147,27,10,28.64,19.71
DL2002,DL100,2025-10-09,5.96,157,29,11,16.04,23.5
LH4001,LH301,2025-10-09,7.8,360,67,23,28.58,46.98
AC6001,AC500,2025-10-10,3.4,59,11,4,13.08,12.62
BA5001,BA400,2025-10-10,2.35,136,25,10,8.54,19.97
IB3001,IB201,2025-10-10,3.6,99,18,7,10.93,21.67
AC6001,AC500,2025-10-11,5.66,92,17,7,20.63,11.37
AF1003,AF182,2025-10-11,2.76,225,42,15,8.28,34.7
DL2002,DL100,2025-10-11,3.87,149,28,10,10.62,21.49
IB3001,IB200,2025-10-11,9.34,156,29,10,26.77,14.23
BA5001,BA400,2025-10-12,5.79,140,26,9,20.77,23.6
IB3001,IB200,2025-10-12,3.55,148,27,11,8.9,19.77
AF1004,AF180,2025-10-13,5.63,142,26,10,19.85,19.05
AF1002,AF180,2025-10-14,1.21,189,35,13,3.51,30.17
BA5001,BA400,2025-10-14,7.56,153,28,11,25.98,25.62
AC6001,AC500,2025-10-15,2.26,54,10,4,6.0,12.38
DL2001,DL101,2025-10-15,6.86,175,32,12,19.7,23.7
BA5001,BA400,2025-10-16,4.41,121,22,9,16.76,24.11
AC6001,AC500,2025-10-17,11.06,81,15,6,31.77,1.0
AF1003,AF181,2025-10-17,2.79,196,36,13,9.62,33.42
DL2001,DL100,2025-10-17,4.65,147,27,10,13.45,22.77
AF1001,AF181,2025-10-18,7.56,107,20,7,29.25,1.15
AF1003,AF182,2025-10-18,9.9,134,25,9,30.49,18.1
AF1004,AF182,2025-10-18,7.92,92,17,7,22.92,18.08
BA5001,BA400,2025-10-18,10.72,137,25,10,29.08,26.01
JL7001,JL600,2025-10-18,10.73,162,30,11,41.01,24.5
AF1001,AF181,2025-10-19,9.87,65,12,5,39.08,1.0
BA5001,BA400,2025-10-19,1.64,103,19,7,6.09,16.0
IB3001,IB200,2025-10-19,6.01,108,20,7,19.7,18.19
AF1002,AF181,2025-10-20,5.78,216,40,14,18.43,28.97
AF1004,AF180,2025-10-20,10.71,86,16,6,38.73,2.27
DL2001,DL100,2025-10-20,9.84,139,26,9,29.0,23.38
DL2002,DL100,2025-10-20,6.7,99,18,7,24.92,16.21
IB3001,IB200,2025-10-20,11.6,88,16,6,36.09,4.91
LH4001,LH301,2025-10-20,11.26,280,52,19,42.6,43.93
DL2001,DL101,2025-10-21,6.63,117,22,8,21.26,15.97
DL2002,DL101,2025-10-21,2.11,104,19,8,7.19,20.16
LH4001,LH300,2025-10-21,4.78,341,64,22,12.85,50.86
AF1001,AF182,2025-10-22,10.03,72,13,6,38.65,1.0
AF1002,AF181,2025-10-22,5.04,131,24,9,18.55,20.93
AF1003,AF181,2025-10-22,9.74,161,30,11,34.2,25.86
DL2001,DL100,2025-10-22,9.91,143,26,10,34.86,19.54
LH4001,LH300,2025-10-22,1.31,372,69,24,4.22,49.73
AC6001,AC500,2025-10-23,2.17,102,19,7,8.5,16.47
AF1003,AF181,2025-10-23,11.33,188,35,13,34.09,27.24
DL2001,DL100,2025-10-23,4.55,171,32,11,14.66,29.08
LH4001,LH301,2025-10-23,1.82,301,56,20,6.73,46.15
AF1002,AF182,2025-10-24,11.67,142,26,10,45.7,26.82
AF1003,AF180,2025-10-24,3.23,157,29,11,8.63,27.92
DL2001,DL100,2025-10-24,2.01,193,36,13,5.45,27.03
DL2002,DL101,2025-10-24,5.32,156,29,11,16.58,23.99
IB3001,IB200,2025-10-24,3.91,134,25,9,15.29,19.8
DL2001,DL100,2025-10-25,11.04,191,35,13,36.56,29.16
JL7001,JL600,2025-10-25,2.62,120,22,9,10.04,20.16
AF1004,AF181,2025-10-26,1.54,130,24,9,4.68,20.67
BA5001,BA400,2025-10-26,3.11,128,24,9,11.13,25.19
DL2002,DL101,2025-10-26,3.31,125,23,9,12.37,22.81
AC6001,AC500,2025-10-27,1.94,64,12,4,5.3,14.22
AF1004,AF182,2025-10-27,3.09,98,18,7,9.88,20.65
LH4001,LH300,2025-10-27,9.09,346,64,23,32.93,49.98
AC6001,AC500,2025-10-28,5.72,56,10,5,16.51,10.81
AF1003,AF180,2025-10-28,3.26,166,31,11,8.58,29.6
DL2001,DL100,2025-10-28,10.71,100,18,8,40.53,14.0
DL2002,DL101,2025-10-29,9.73,160,30,11,28.93,26.64
JL7001,JL600,2025-10-29,6.44,168,31,11,18.4,24.16
LH4001,LH300,2025-10-29,5.13,298,55,20,19.05,43.37
DL2001,DL100,2025-10-30,10.51,185,34,13,35.23,28.08
IB3001,IB200,2025-10-30,2.25,116,21,8,8.55,20.15
AF1004,AF180,2025-10-31,5.97,117,22,8,19.83,19.46
DL2001,DL101,2025-10-31,2.11,187,35,12,5.31,29.53
LH4001,LH301,2025-10-31,5.8,243,45,16,20.53,31.93
AF1001,AF182,2025-11-01,3.97,119,22,8,11.27,16.81
AF1003,AF180,2025-11-01,11.04,218,40,15,32.92,34.4
JL7001,JL600,2025-11-01,5.28,100,18,8,18.27,19.14
AF1001,AF180,2025-11-02,11.74,117,22,8,40.0,1.0
AF1003,AF181,2025-11-02,9.79,164,30,12,30.87,28.02
AF1004,AF182,2025-11-02,6.05,152,28,11,22.86,18.14
DL2001,DL101,2025-11-02,6.29,116,21,8,15.97,19.91
IB3001,IB200,2025-11-02,3.24,105,19,8,11.9,18.51
AF1003,AF182,2025-11-03,5.35,224,42,15,18.35,35.56
DL2001,DL100,2025-11-03,2.0,129,24,9,6.86,18.49
AF1002,AF182,2025-11-04,6.49,195,36,13,21.05,26.46
DL2002,DL101,2025-11-04,11.4,140,26,10,34.36,20.95
AF1002,AF181,2025-11-05,3.61,202,37,14,10.62,26.95
AF1004,AF181,2025-11-05,10.77,85,16,6,36.85,4.15
IB3001,IB201,2025-11-05,1.57,96,18,7,4.05,21.93
DL2001,DL100,2025-11-06,10.53,130,24,9,31.94,25.89
JL7001,JL600,2025-11-06,4.3,187,35,12,15.01,33.29
AF1002,AF181,2025-11-07,2.0,129,24,9,5.56,20.34
AF1003,AF181,2025-11-08,6.18,170,31,12,19.29,31.07
DL2002,DL100,2025-11-08,5.0,160,30,10,19.53,25.96
AF1002,AF182,2025-11-09,3.34,145,27,10,10.89,23.77
AF1003,AF181,2025-11-09,1.97,165,31,11,6.96,28.8
LH4001,LH300,2025-11-09,11.41,277,52,18,36.41,35.93
AF1001,AF182,2025-11-10,5.47,95,17,7,18.88,11.52
AF1002,AF182,2025-11-10,3.32,161,30,11,9.93,26.64
AF1003,AF182,2025-11-10,7.19,130,24,9,20.85,25.35
AF1004,AF182,2025-11-10,10.44,89,16,7,33.03,7.97
IB3001,IB200,2025-11-10,7.05,159,29,11,27.33,13.67
DL2001,DL101,2025-11-11,7.26,117,22,8,22.3,21.21
IB3001,IB200,2025-11-11,1.34,92,17,7,5.13,13.37
AC6001,AC500,2025-11-12,3.35,82,15,6,9.51,17.52
AF1003,AF182,2025-11-12,5.62,170,31,12,14.28,26.31
AF1004,AF181,2025-11-12,1.49,112,21,8,5.27,18.09
JL7001,JL600,2025-11-12,1.5,135,25,9,5.16,22.36
LH4001,LH301,2025-11-12,4.47,264,49,18,11.45,41.7
DL2001,DL101,2025-11-13,10.76,194,36,13,41.19,27.77
DL2002,DL100,2025-11-13,11.86,88,16,6,31.82,18.48
AF1001,AF180,2025-11-14,9.5,110,20,8,32.42,1.0
AF1003,AF182,2025-11-14,6.48,182,34,12,17.56,27.84
DL2002,DL100,2025-11-14,4.31,124,23,9,14.87,19.18
AF1003,AF182,2025-11-15,5.8,160,30,10,20.65,24.2
BA5001,BA400,2025-11-15,9.36,175,32,12,33.57,25.92
DL2001,DL100,2025-11-15,10.85,171,32,11,40.37,28.9
LH4001,LH301,2025-11-15,5.06,278,52,18,18.78,42.88
AF1002,AF181,2025-11-16,7.95,249,46,17,21.71,38.37
AF1003,AF180,2025-11-16,6.09,220,41,14,23.81,36.36
AF1004,AF180,2025-11-16,9.19,147,27,10,31.58,9.42
DL2002,DL101,2025-11-16,4.62,133,25,9,18.41,22.42
BA5001,BA400,2025-11-17,1.18,138,25,10,4.62,22.45
DL2002,DL100,2025-11-17,9.06,100,18,7,32.57,16.13
IB3001,IB201,2025-11-17,4.84,110,20,8,15.81,21.75
DL2001,DL100,2025-11-18,6.29,175,32,12,22.95,30.56
LH4001,LH301,2025-11-18,4.25,258,48,17,15.94,40.11
AF1001,AF181,2025-11-19,3.79,109,20,8,14.71,15.69
IB3001,IB200,2025-11-19,1.89,108,20,7,6.15,15.41
LH4001,LH300,2025-11-19,11.32,299,56,19,45.01,46.23
AF1003,AF182,2025-11-20,7.06,235,44,15,20.49,30.68
BA5001,BA400,2025-11-20,4.63,114,21,8,12.1,18.61
DL2001,DL101,2025-11-20,11.63,164,30,12,40.3,26.62
JL7001,JL600,2025-11-20,7.53,172,32,12,24.21,23.84
AF1001,AF181,2025-11-21,5.24,96,18,7,13.39,14.65
AF1001,AF180,2025-11-22,2.43,81,15,6,6.7,14.89
DL2002,DL100,2025-11-22,1.78,134,25,9,6.26,21.84
IB3001,IB201,2025-11-22,9.11,132,24,9,26.45,14.55
JL7001,JL600,2025-11-22,5.65,147,27,10,20.86,20.07
LH4001,LH300,2025-11-22,3.11,264,49,17,8.66,34.87
BA5001,BA400,2025-11-23,3.39,114,21,8,8.85,15.71
AF1002,AF180,2025-11-24,3.45,161,30,11,10.18,24.97
AF1003,AF182,2025-11-24,2.56,191,35,13,8.6,33.79
DL2002,DL101,2025-11-24,1.39,112,21,8,4.16,22.86
IB3001,IB200,2025-11-24,2.05,144,27,9,7.36,19.65
LH4001,LH301,2025-11-24,5.26,335,62,22,17.68,43.15
AC6001,AC500,2025-11-25,1.52,93,17,7,4.8,16.57
AF1003,AF181,2025-11-25,4.58,204,38,14,12.58,27.64
IB3001,IB200,2025-11-25,9.77,139,26,9,33.66,7.34
JL7001,JL600,2025-11-25,3.92,128,24,8,11.99,19.46
AC6001,AC500,2025-11-26,5.22,80,15,5,16.17,11.98
AF1004,AF180,2025-11-26,4.66,112,21,8,14.23,22.19
BA5001,BA400,2025-11-26,5.35,181,34,12,20.0,31.28
JL7001,JL600,2025-11-27,2.0,100,18,7,6.88,18.62
AC6001,AC500,2025-11-28,9.7,70,13,5,37.08,1.0
AF1003,AF182,2025-11-28,2.82,228,42,16,9.63,31.02
DL2002,DL100,2025-11-28,10.91,161,30,11,27.57,28.87
IB3001,IB201,2025-11-28,10.31,83,15,6,27.05,13.95
AF1003,AF180,2025-11-29,10.15,158,29,11,34.59,26.69
AF1004,AF182,2025-11-29,6.07,133,25,9,21.52,19.69
DL2001,DL101,2025-11-29,10.05,137,25,10,35.58,19.57
AF1002,AF180,2025-11-30,11.8,201,37,14,43.05,31.28
BA5001,BA400,2025-11-30,4.69,103,19,7,18.6,21.59
DL2001,DL101,2025-11-30,10.62,107,20,7,38.43,20.37
JL7001,JL600,2025-11-30,8.77,144,27,9,32.63,22.74
LH4001,LH301,2025-11-30,1.03,283,53,18,4.02,38.55
AC6001,AC500,2025-12-01,8.47,56,10,4,23.74,8.26
DL2001,DL100,2025-12-01,11.31,165,31,11,40.53,27.87
DL2002,DL101,2025-12-01,9.37,140,26,10,36.74,19.98
IB3001,IB201,2025-12-01,3.06,157,29,11,10.52,23.93
JL7001,JL600,2025-12-01,7.52,128,24,8,28.15,25.15
LH4001,LH301,2025-12-01,11.4,357,67,23,39.76,53.05
AF1003,AF182,2025-12-02,11.43,125,23,9,31.36,21.35
AF1004,AF180,2025-12-02,5.89,121,22,9,17.43,18.87
BA5001,BA400,2025-12-02,1.66,164,30,12,5.9,30.03
DL2002,DL101,2025-12-02,1.13,137,25,10,4.19,19.16
IB3001,IB201,2025-12-02,1.61,134,25,9,5.1,22.47
JL7001,JL600,2025-12-02,7.76,100,18,7,25.8,15.3
AF1001,AF180,2025-12-03,4.61,80,15,5,14.96,15.44
IB3001,IB201,2025-12-03,6.45,103,19,7,16.68,15.46
JL7001,JL600,2025-12-03,1.69,120,22,9,4.31,24.26
AF1004,AF181,2025-12-04,1.06,142,26,10,4.22,19.7
BA5001,BA400,2025-12-04,2.54,157,29,11,9.94,28.44
IB3001,IB200,2025-12-04,4.43,90,16,7,14.04,14.43
AF1004,AF180,2025-12-05,2.43,85,16,6,8.81,16.11
BA5001,BA400,2025-12-05,7.88,108,20,7,26.38,16.13
DL2001,DL101,2025-12-05,5.8,179,33,12,23.15,30.19
DL2002,DL100,2025-12-05,5.75,88,16,6,17.31,20.5
AF1002,AF181,2025-12-06,7.84,137,25,10,23.53,23.7
AF1004,AF181,2025-12-06,6.97,151,28,10,19.22,21.78
DL2002,DL101,2025-12-06,4.48,92,17,7,11.56,18.65
BA5001,BA400,2025-12-07,11.43,147,27,10,31.25,24.79
DL2001,DL100,2025-12-07,8.17,153,28,11,22.65,21.31
AC6001,AC500,2025-12-08,7.41,54,10,4,26.1,5.9
AF1002,AF181,2025-12-08,4.95,146,27,10,13.5,21.29
AF1003,AF182,2025-12-08,2.75,189,35,13,8.13,25.36
AF1004,AF180,2025-12-08,8.5,80,15,6,24.21,15.54
DL2001,DL101,2025-12-08,11.59,157,29,11,42.42,29.35
JL7001,JL600,2025-12-08,3.93,182,34,12,14.06,30.44
LH4001,LH301,2025-12-08,2.64,368,69,24,7.8,54.08
AC6001,AC500,2025-12-09,5.54,63,11,5,20.77,11.23
AF1001,AF182,2025-12-09,3.07,102,19,7,11.67,16.19
AF1004,AF182,2025-12-09,9.01,89,16,7,32.74,8.26
DL2002,DL101,2025-12-09,2.03,94,17,7,6.47,17.84
AF1001,AF182,2025-12-10,10.71,89,16,7,39.89,1.0
DL2002,DL100,2025-12-10,7.27,116,21,8,28.59,20.89
IB3001,IB200,2025-12-10,3.48,120,22,9,10.43,22.58
AF1001,AF181,2025-12-11,11.35,76,14,6,37.96,1.0
AF1003,AF180,2025-12-11,9.45,235,44,15,34.79,32.98
DL2002,DL100,2025-12-11,6.81,96,18,6,21.92,17.92
IB3001,IB201,2025-12-11,10.94,150,28,10,29.28,11.72
AF1002,AF180,2025-12-12,8.61,188,35,12,32.63,29.11
BA5001,BA400,2025-12-12,4.74,164,30,11,16.12,25.59
JL7001,JL600,2025-12-12,1.55,121,22,9,5.84,24.58
DL2002,DL101,2025-12-13,7.96,112,21,8,26.78,20.73
JL7001,JL600,2025-12-13,3.5,124,23,9,11.91,24.98
AC6001,AC500,2025-12-14,3.34,88,16,6,11.15,12.94
AF1003,AF180,2025-12-14,5.37,238,44,16,19.51,32.17
DL2002,DL101,2025-12-14,2.12,159,29,11,6.41,29.47
AF1001,AF181,2025-12-15,4.02,112,21,8,15.72,14.68
AF1002,AF181,2025-12-15,8.02,225,42,15,30.89,31.87
AF1003,AF181,2025-12-15,3.8,236,44,16,11.94,37.38
AF1004,AF180,2025-12-15,7.12,92,17,7,24.22,16.4
JL7001,JL600,2025-12-15,7.94,154,28,11,25.66,26.51
AF1002,AF182,2025-12-16,4.67,183,34,12,15.95,32.85
AF1004,AF182,2025-12-16,4.92,105,19,8,18.9,21.26
JL7001,JL600,2025-12-16,2.81,100,18,7,9.06,20.74
LH4001,LH300,2025-12-16,7.68,396,74,26,29.03,53.3
AC6001,AC500,2025-12-17,11.32,74,13,6,39.27,1.0
LH4001,LH300,2025-12-17,8.63,348,65,22,28.05,51.47
AC6001,AC500,2025-12-18,5.64,99,18,7,21.75,10.25
AF1001,AF181,2025-12-18,3.03,106,19,8,10.27,16.01
IB3001,IB200,2025-12-18,8.9,80,15,6,26.84,12.3
JL7001,JL600,2025-12-18,2.02,144,27,10,7.43,20.82
AF1002,AF182,2025-12-19,8.14,228,42,15,31.05,37.06
DL2001,DL101,2025-12-19,6.61,176,33,11,21.14,29.17
IB3001,IB200,2025-12-19,10.44,105,19,8,31.51,9.49
AF1001,AF181,2025-12-20,3.1,85,16,6,8.1,18.26
BA5001,BA400,2025-12-20,3.3,180,33,13,11.25,25.04
AF1003,AF182,2025-12-21,9.76,191,35,13,36.56,28.93
DL2001,DL101,2025-12-21,9.8,116,21,8,24.78,21.01
DL2002,DL100,2025-12-21,10.18,158,29,11,34.4,23.12
JL7001,JL600,2025-12-21,10.09,179,33,12,32.84,24.58
AC6001,AC500,2025-12-22,5.08,72,13,5,18.12,13.88
AF1001,AF180,2025-12-22,10.31,94,17,7,35.59,1.0
DL2001,DL101,2025-12-22,8.55,148,27,10,31.53,28.32
IB3001,IB200,2025-12-22,9.41,97,18,7,37.05,3.95
AF1001,AF182,2025-12-23,3.93,112,21,8,10.63,16.3
AF1003,AF180,2025-12-23,1.13,153,28,11,3.29,21.15
AF1004,AF181,2025-12-23,5.92,136,25,9,20.15,20.85
DL2002,DL100,2025-12-23,9.03,159,29,11,34.09,24.87
JL7001,JL600,2025-12-23,4.5,152,28,11,15.34,23.51
LH4001,LH300,2025-12-23,10.81,254,47,17,27.24,36.35
AF1002,AF181,2025-12-24,3.76,190,35,13,10.13,32.99
AF1003,AF180,2025-12-24,3.83,190,35,13,10.52,31.83
AF1004,AF182,2025-12-24,5.68,116,21,8,22.46,18.74
DL2001,DL100,2025-12-24,8.81,146,27,10,32.34,20.26
IB3001,IB201,2025-12-24,8.11,137,25,10,28.58,12.42
JL7001,JL600,2025-12-24,6.0,117,22,8,17.78,22.95
AC6001,AC500,2025-12-25,8.03,55,10,4,27.14,4.86
AF1003,AF182,2025-12-25,9.72,230,43,15,26.04,33.97
AF1004,AF180,2025-12-25,6.33,83,15,6,24.95,12.86
AC6001,AC500,2025-12-26,11.26,91,17,6,28.7,3.3
AF1001,AF180,2025-12-26,2.72,112,21,8,9.66,20.84
BA5001,BA400,2025-12-26,2.54,110,20,8,9.23,23.56
AF1001,AF182,2025-12-27,3.92,77,14,6,14.26,13.31
AF1002,AF181,2025-12-27,8.35,136,25,9,25.27,23.9
DL2001,DL101,2025-12-27,9.17,163,30,11,28.07,23.31
DL2002,DL100,2025-12-27,3.4,162,30,11,12.81,28.54
DL2002,DL101,2025-12-28,9.18,146,27,10,27.02,20.27
AF1004,AF181,2025-12-30,2.05,96,18,6,7.68,16.85
BA5001,BA400,2025-12-30,11.37,136,25,9,31.26,25.34
IB3001,IB201,2025-12-30,7.85,134,25,9,29.47,11.53
